수집페이지,은행기관명,금융상품명,공시기본금리,우대최고금리,가입방식,가입타겟,챗봇학습데이터_지식셋,출처상세주소
1,KB국민은행,쏠편한 정기예금,연 3.32%,연 3.55%,스마트폰 모바일 앱 가입,개인 및 개인사업자 누구나 가입 가능,"이 금융 상품은 KB국민은행에서 운영 중인 '쏠편한 정기예금' 정기예금입니다. 기본적으로 보장되는 공시 금리는 현재 연 3.32%이며, 가입 이후 인터넷/모바일 스마트 패스 뱅킹을 통한 비대면 신규 가입 시 우대 금리 제공 조건을 성립시키면 최고 연 3.55%까지 금리가 상승합니다. 영업점 방문 창구 대기 필요 없이 스마트폰 모바일 앱이나 다이렉트 웹 페이지를 통해 비대면으로 즉시 개설할 수 있으며, 가입 대상은 개인 고객 및 사업자 소상공인까지 제한 조건 없이 누구나 참여 가능한 안전 고정금리 상품입니다.",https://naver.com_0001
1,신한은행,내집마련 정기예금,연 3.7%,연 4.11%,스마트폰 모바일 앱 가입,개인 및 개인사업자 누구나 가입 가능,"이 금융 상품은 신한은행에서 운영 중인 '내집마련 정기예금' 정기예금입니다. 기본적으로 보장되는 공시 금리는 현재 연 3.7%이며, 가입 이후 급여 이체 실적 및 신용카드 3개월 이용 결제 실적 충족 시 최고 금리 적용 조건을 성립시키면 최고 연 4.11%까지 금리가 상승합니다. 영업점 방문 창구 대기 필요 없이 스마트폰 모바일 앱이나 다이렉트 웹 페이지를 통해 비대면으로 즉시 개설할 수 있으며, 가입 대상은 개인 고객 및 사업자 소상공인까지 제한 조건 없이 누구나 참여 가능한 안전 고정금리 상품입니다.",https://naver.com_0002
1,하나은행,회전식 정기예금,연 3.51%,연 3.84%,스마트폰 모바일 앱 가입,개인 및 개인사업자 누구나 가입 가능,"이 금융 상품은 하나은행에서 운영 중인 '회전식 정기예금' 정기예금입니다. 기본적으로 보장되는 공시 금리는 현재 연 3.51%이며, 가입 이후 인터넷/모바일 스마트 패스 뱅킹을 통한 비대면 신규 가입 시 우대 금리 제공 조건을 성립시키면 최고 연 3.84%까지 금리가 상승합니다. 영업점 방문 창구 대기 필요 없이 스마트폰 모바일 앱이나 다이렉트 웹 페이지를 통해 비대면으로 즉시 개설할 수 있으며, 가입 대상은 개인 고객 및 사업자 소상공인까지 제한 조건 없이 누구나 참여 가능한 안전 고정금리 상품입니다.",https://naver.com_0003
1,우리은행,하나의 정기예금,연 3.89%,연 4.12%,스마트폰 모바일 앱 가입,개인 및 개인사업자 누구나 가입 가능,"이 금융 상품은 우리은행에서 운영 중인 '하나의 정기예금' 정기예금입니다. 기본적으로 보장되는 공시 금리는 현재 연 3.89%이며, 가입 이후 스마트폰 마케팅 활용 전제 동의 및 오픈뱅킹 계좌 등록 완료 시 연 0.15% 가산 조건을 성립시키면 최고 연 4.12%까지 금리가 상승합니다. 영업점 방문 창구 대기 필요 없이 스마트폰 모바일 앱이나 다이렉트 웹 페이지를 통해 비대면으로 즉시 개설할 수 있으며, 가입 대상은 개인 고객 및 사업자 소상공인까지 제한 조건 없이 누구나 참여 가능한 안전 고정금리 상품입니다.",https://naver.com_0004
1,NH농협은행,고금리 특판 예탁금,연 3.43%,연 3.88%,스마트폰 모바일 앱 가입,개인 및 개인사업자 누구나 가입 가능,"이 금융 상품은 NH농협은행에서 운영 중인 '고금리 특판 예탁금' 정기예금입니다. 기본적으로 보장되는 공시 금리는 현재 연 3.43%이며, 가입 이후 모바일 앱 푸시 알림 동의 및 종이 통장 미발행 환경 보호 참여 시 우대 이율 추가 조건을 성립시키면 최고 연 3.88%까지 금리가 상승합니다. 영업점 방문 창구 대기 필요 없이 스마트폰 모바일 앱이나 다이렉트 웹 페이지를 통해 비대면으로 즉시 개설할 수 있으며, 가입 대상은 개인 고객 및 사업자 소상공인까지 제한 조건 없이 누구나 참여 가능한 안전 고정금리 상품입니다.",https://naver.com_0005
1,IBK기업은행,직장인 목돈 굴리기,연 3.39%,연 3.62%,스마트폰 모바일 앱 가입,개인 및 개인사업자 누구나 가입 가능,"이 금융 상품은 IBK기업은행에서 운영 중인 '직장인 목돈 굴리기' 정기예금입니다. 기본적으로 보장되는 공시 금리는 현재 연 3.39%이며, 가입 이후 해당 금융사 첫 거래 신규 고객 우대 연 0.2% 포함 조건을 성립시키면 최고 연 3.62%까지 금리가 상승합니다. 영업점 방문 창구 대기 필요 없이 스마트폰 모바일 앱이나 다이렉트 웹 페이지를 통해 비대면으로 즉시 개설할 수 있으며, 가입 대상은 개인 고객 및 사업자 소상공인까지 제한 조건 없이 누구나 참여 가능한 안전 고정금리 상품입니다.",https://naver.com_0006
1,카카오뱅크,스타트 정기예탁금,연 3.8%,연 4.01%,스마트폰 모바일 앱 가입,개인 및 개인사업자 누구나 가입 가능,"이 금융 상품은 카카오뱅크에서 운영 중인 '스타트 정기예탁금' 정기예금입니다. 기본적으로 보장되는 공시 금리는 현재 연 3.8%이며, 가입 이후 공동구매 형식으로 일정 기간 내 특정 모집 금액대 달성 시 추가 이율 제공 조건을 성립시키면 최고 연 4.01%까지 금리가 상승합니다. 영업점 방문 창구 대기 필요 없이 스마트폰 모바일 앱이나 다이렉트 웹 페이지를 통해 비대면으로 즉시 개설할 수 있으며, 가입 대상은 개인 고객 및 사업자 소상공인까지 제한 조건 없이 누구나 참여 가능한 안전 고정금리 상품입니다.",https://naver.com_0007
1,토스뱅크,행복 패밀리 예금,연 3.68%,연 3.93%,스마트폰 모바일 앱 가입,개인 및 개인사업자 누구나 가입 가능,"이 금융 상품은 토스뱅크에서 운영 중인 '행복 패밀리 예금' 정기예금입니다. 기본적으로 보장되는 공시 금리는 현재 연 3.68%이며, 가입 이후 자동이체 연결 실적 1건 이상 충족 및 제휴 서비스 연동 시 우대 금리 적용 조건을 성립시키면 최고 연 3.93%까지 금리가 상승합니다. 영업점 방문 창구 대기 필요 없이 스마트폰 모바일 앱이나 다이렉트 웹 페이지를 통해 비대면으로 즉시 개설할 수 있으며, 가입 대상은 개인 고객 및 사업자 소상공인까지 제한 조건 없이 누구나 참여 가능한 안전 고정금리 상품입니다.",https://naver.com_0008
1,케이뱅크,고금리 특판 예탁금,연 3.71%,연 4.15%,스마트폰 모바일 앱 가입,개인 및 개인사업자 누구나 가입 가능,"이 금융 상품은 케이뱅크에서 운영 중인 '고금리 특판 예탁금' 정기예금입니다. 기본적으로 보장되는 공시 금리는 현재 연 3.71%이며, 가입 이후 자동이체 연결 실적 1건 이상 충족 및 제휴 서비스 연동 시 우대 금리 적용 조건을 성립시키면 최고 연 4.15%까지 금리가 상승합니다. 영업점 방문 창구 대기 필요 없이 스마트폰 모바일 앱이나 다이렉트 웹 페이지를 통해 비대면으로 즉시 개설할 수 있으며, 가입 대상은 개인 고객 및 사업자 소상공인까지 제한 조건 없이 누구나 참여 가능한 안전 고정금리 상품입니다.",https://naver.com_0009
1,SC제일은행,코드하나 정기예탁금,연 3.73%,연 4.05%,스마트폰 모바일 앱 가입,개인 및 개인사업자 누구나 가입 가능,"이 금융 상품은 SC제일은행에서 운영 중인 '코드하나 정기예탁금' 정기예금입니다. 기본적으로 보장되는 공시 금리는 현재 연 3.73%이며, 가입 이후 스마트폰 마케팅 활용 전제 동의 및 오픈뱅킹 계좌 등록 완료 시 연 0.15% 가산 조건을 성립시키면 최고 연 4.05%까지 금리가 상승합니다. 영업점 방문 창구 대기 필요 없이 스마트폰 모바일 앱이나 다이렉트 웹 페이지를 통해 비대면으로 즉시 개설할 수 있으며, 가입 대상은 개인 고객 및 사업자 소상공인까지 제한 조건 없이 누구나 참여 가능한 안전 고정금리 상품입니다.",https://naver.com_0010
1,부산은행,하나의 정기예금,연 3.6%,연 3.9%,스마트폰 모바일 앱 가입,개인 및 개인사업자 누구나 가입 가능,"이 금융 상품은 부산은행에서 운영 중인 '하나의 정기예금' 정기예금입니다. 기본적으로 보장되는 공시 금리는 현재 연 3.6%이며, 가입 이후 공동구매 형식으로 일정 기간 내 특정 모집 금액대 달성 시 추가 이율 제공 조건을 성립시키면 최고 연 3.9%까지 금리가 상승합니다. 영업점 방문 창구 대기 필요 없이 스마트폰 모바일 앱이나 다이렉트 웹 페이지를 통해 비대면으로 즉시 개설할 수 있으며, 가입 대상은 개인 고객 및 사업자 소상공인까지 제한 조건 없이 누구나 참여 가능한 안전 고정금리 상품입니다.",https://naver.com_0011
1,iM뱅크(대구은행),꿈꾸는 목돈 정기예금,연 3.32%,연 3.63%,스마트폰 모바일 앱 가입,개인 및 개인사업자 누구나 가입 가능,"이 금융 상품은 iM뱅크(대구은행)에서 운영 중인 '꿈꾸는 목돈 정기예금' 정기예금입니다. 기본적으로 보장되는 공시 금리는 현재 연 3.32%이며, 가입 이후 스마트폰 마케팅 활용 전제 동의 및 오픈뱅킹 계좌 등록 완료 시 연 0.15% 가산 조건을 성립시키면 최고 연 3.63%까지 금리가 상승합니다. 영업점 방문 창구 대기 필요 없이 스마트폰 모바일 앱이나 다이렉트 웹 페이지를 통해 비대면으로 즉시 개설할 수 있으며, 가입 대상은 개인 고객 및 사업자 소상공인까지 제한 조건 없이 누구나 참여 가능한 안전 고정금리 상품입니다.",https://naver.com_0012
1,광주은행,첫만남 우대예금,연 3.84%,연 4.03%,스마트폰 모바일 앱 가입,개인 및 개인사업자 누구나 가입 가능,"이 금융 상품은 광주은행에서 운영 중인 '첫만남 우대예금' 정기예금입니다. 기본적으로 보장되는 공시 금리는 현재 연 3.84%이며, 가입 이후 자동이체 연결 실적 1건 이상 충족 및 제휴 서비스 연동 시 우대 금리 적용 조건을 성립시키면 최고 연 4.03%까지 금리가 상승합니다. 영업점 방문 창구 대기 필요 없이 스마트폰 모바일 앱이나 다이렉트 웹 페이지를 통해 비대면으로 즉시 개설할 수 있으며, 가입 대상은 개인 고객 및 사업자 소상공인까지 제한 조건 없이 누구나 참여 가능한 안전 고정금리 상품입니다.",https://naver.com_0013
1,제주은행,내집마련 정기예금,연 3.44%,연 3.61%,스마트폰 모바일 앱 가입,개인 및 개인사업자 누구나 가입 가능,"이 금융 상품은 제주은행에서 운영 중인 '내집마련 정기예금' 정기예금입니다. 기본적으로 보장되는 공시 금리는 현재 연 3.44%이며, 가입 이후 자동이체 연결 실적 1건 이상 충족 및 제휴 서비스 연동 시 우대 금리 적용 조건을 성립시키면 최고 연 3.61%까지 금리가 상승합니다. 영업점 방문 창구 대기 필요 없이 스마트폰 모바일 앱이나 다이렉트 웹 페이지를 통해 비대면으로 즉시 개설할 수 있으며, 가입 대상은 개인 고객 및 사업자 소상공인까지 제한 조건 없이 누구나 참여 가능한 안전 고정금리 상품입니다.",https://naver.com_0014
1,경남은행,스타트 정기예탁금,연 3.77%,연 4.13%,스마트폰 모바일 앱 가입,개인 및 개인사업자 누구나 가입 가능,"이 금융 상품은 경남은행에서 운영 중인 '스타트 정기예탁금' 정기예금입니다. 기본적으로 보장되는 공시 금리는 현재 연 3.77%이며, 가입 이후 스마트폰 마케팅 활용 전제 동의 및 오픈뱅킹 계좌 등록 완료 시 연 0.15% 가산 조건을 성립시키면 최고 연 4.13%까지 금리가 상승합니다. 영업점 방문 창구 대기 필요 없이 스마트폰 모바일 앱이나 다이렉트 웹 페이지를 통해 비대면으로 즉시 개설할 수 있으며, 가입 대상은 개인 고객 및 사업자 소상공인까지 제한 조건 없이 누구나 참여 가능한 안전 고정금리 상품입니다.",https://naver.com_0015
1,전북은행,고금리 특판 예탁금,연 3.58%,연 3.88%,스마트폰 모바일 앱 가입,개인 및 개인사업자 누구나 가입 가능,"이 금융 상품은 전북은행에서 운영 중인 '고금리 특판 예탁금' 정기예금입니다. 기본적으로 보장되는 공시 금리는 현재 연 3.58%이며, 가입 이후 모바일 앱 푸시 알림 동의 및 종이 통장 미발행 환경 보호 참여 시 우대 이율 추가 조건을 성립시키면 최고 연 3.88%까지 금리가 상승합니다. 영업점 방문 창구 대기 필요 없이 스마트폰 모바일 앱이나 다이렉트 웹 페이지를 통해 비대면으로 즉시 개설할 수 있으며, 가입 대상은 개인 고객 및 사업자 소상공인까지 제한 조건 없이 누구나 참여 가능한 안전 고정금리 상품입니다.",https://naver.com_0016
1,KDB산업은행,꿈꾸는 목돈 정기예금,연 3.36%,연 3.68%,스마트폰 모바일 앱 가입,개인 및 개인사업자 누구나 가입 가능,"이 금융 상품은 KDB산업은행에서 운영 중인 '꿈꾸는 목돈 정기예금' 정기예금입니다. 기본적으로 보장되는 공시 금리는 현재 연 3.36%이며, 가입 이후 해당 기관 체크카드 발급 후 실적 충족 시 우대 이율 연 0.3% 즉시 반영 조건을 성립시키면 최고 연 3.68%까지 금리가 상승합니다. 영업점 방문 창구 대기 필요 없이 스마트폰 모바일 앱이나 다이렉트 웹 페이지를 통해 비대면으로 즉시 개설할 수 있으며, 가입 대상은 개인 고객 및 사업자 소상공인까지 제한 조건 없이 누구나 참여 가능한 안전 고정금리 상품입니다.",https://naver.com_0017
1,웰컴저축은행,쏠편한 정기예금,연 3.68%,연 4.08%,스마트폰 모바일 앱 가입,개인 및 개인사업자 누구나 가입 가능,"이 금융 상품은 웰컴저축은행에서 운영 중인 '쏠편한 정기예금' 정기예금입니다. 기본적으로 보장되는 공시 금리는 현재 연 3.68%이며, 가입 이후 해당 금융사 첫 거래 신규 고객 우대 연 0.2% 포함 조건을 성립시키면 최고 연 4.08%까지 금리가 상승합니다. 영업점 방문 창구 대기 필요 없이 스마트폰 모바일 앱이나 다이렉트 웹 페이지를 통해 비대면으로 즉시 개설할 수 있으며, 가입 대상은 개인 고객 및 사업자 소상공인까지 제한 조건 없이 누구나 참여 가능한 안전 고정금리 상품입니다.",https://naver.com_0018
1,SBI저축은행,고금리 특판 예탁금,연 3.5%,연 3.7%,스마트폰 모바일 앱 가입,개인 및 개인사업자 누구나 가입 가능,"이 금융 상품은 SBI저축은행에서 운영 중인 '고금리 특판 예탁금' 정기예금입니다. 기본적으로 보장되는 공시 금리는 현재 연 3.5%이며, 가입 이후 자동이체 연결 실적 1건 이상 충족 및 제휴 서비스 연동 시 우대 금리 적용 조건을 성립시키면 최고 연 3.7%까지 금리가 상승합니다. 영업점 방문 창구 대기 필요 없이 스마트폰 모바일 앱이나 다이렉트 웹 페이지를 통해 비대면으로 즉시 개설할 수 있으며, 가입 대상은 개인 고객 및 사업자 소상공인까지 제한 조건 없이 누구나 참여 가능한 안전 고정금리 상품입니다.",https://naver.com_0019
2,OK저축은행,머니박스 파킹 정기예금,연 3.9%,연 4.2%,스마트폰 모바일 앱 가입,개인 및 개인사업자 누구나 가입 가능,"이 금융 상품은 OK저축은행에서 운영 중인 '머니박스 파킹 정기예금' 정기예금입니다. 기본적으로 보장되는 공시 금리는 현재 연 3.9%이며, 가입 이후 해당 금융사 첫 거래 신규 고객 우대 연 0.2% 포함 조건을 성립시키면 최고 연 4.2%까지 금리가 상승합니다. 영업점 방문 창구 대기 필요 없이 스마트폰 모바일 앱이나 다이렉트 웹 페이지를 통해 비대면으로 즉시 개설할 수 있으며, 가입 대상은 개인 고객 및 사업자 소상공인까지 제한 조건 없이 누구나 참여 가능한 안전 고정금리 상품입니다.",https://naver.com_0020
2,페퍼저축은행,한도제한 없는 예금,연 3.9%,연 4.16%,스마트폰 모바일 앱 가입,개인 및 개인사업자 누구나 가입 가능,"이 금융 상품은 페퍼저축은행에서 운영 중인 '한도제한 없는 예금' 정기예금입니다. 기본적으로 보장되는 공시 금리는 현재 연 3.9%이며, 가입 이후 해당 기관 체크카드 발급 후 실적 충족 시 우대 이율 연 0.3% 즉시 반영 조건을 성립시키면 최고 연 4.16%까지 금리가 상승합니다. 영업점 방문 창구 대기 필요 없이 스마트폰 모바일 앱이나 다이렉트 웹 페이지를 통해 비대면으로 즉시 개설할 수 있으며, 가입 대상은 개인 고객 및 사업자 소상공인까지 제한 조건 없이 누구나 참여 가능한 안전 고정금리 상품입니다.",https://naver.com_0021
2,한국투자저축은행,복리식 정기예금,연 3.69%,연 4.1%,스마트폰 모바일 앱 가입,개인 및 개인사업자 누구나 가입 가능,"이 금융 상품은 한국투자저축은행에서 운영 중인 '복리식 정기예금' 정기예금입니다. 기본적으로 보장되는 공시 금리는 현재 연 3.69%이며, 가입 이후 모바일 앱 푸시 알림 동의 및 종이 통장 미발행 환경 보호 참여 시 우대 이율 추가 조건을 성립시키면 최고 연 4.1%까지 금리가 상승합니다. 영업점 방문 창구 대기 필요 없이 스마트폰 모바일 앱이나 다이렉트 웹 페이지를 통해 비대면으로 즉시 개설할 수 있으며, 가입 대상은 개인 고객 및 사업자 소상공인까지 제한 조건 없이 누구나 참여 가능한 안전 고정금리 상품입니다.",https://naver.com_0022
2,다올저축은행,비대면 모바일 정기예금,연 3.81%,연 4.18%,스마트폰 모바일 앱 가입,개인 및 개인사업자 누구나 가입 가능,"이 금융 상품은 다올저축은행에서 운영 중인 '비대면 모바일 정기예금' 정기예금입니다. 기본적으로 보장되는 공시 금리는 현재 연 3.81%이며, 가입 이후 스마트폰 마케팅 활용 전제 동의 및 오픈뱅킹 계좌 등록 완료 시 연 0.15% 가산 조건을 성립시키면 최고 연 4.18%까지 금리가 상승합니다. 영업점 방문 창구 대기 필요 없이 스마트폰 모바일 앱이나 다이렉트 웹 페이지를 통해 비대면으로 즉시 개설할 수 있으며, 가입 대상은 개인 고객 및 사업자 소상공인까지 제한 조건 없이 누구나 참여 가능한 안전 고정금리 상품입니다.",https://naver.com_0023
2,신한저축은행,MZ세대 우대형 예금,연 3.63%,연 3.78%,스마트폰 모바일 앱 가입,개인 및 개인사업자 누구나 가입 가능,"이 금융 상품은 신한저축은행에서 운영 중인 'MZ세대 우대형 예금' 정기예금입니다. 기본적으로 보장되는 공시 금리는 현재 연 3.63%이며, 가입 이후 해당 기관 체크카드 발급 후 실적 충족 시 우대 이율 연 0.3% 즉시 반영 조건을 성립시키면 최고 연 3.78%까지 금리가 상승합니다. 영업점 방문 창구 대기 필요 없이 스마트폰 모바일 앱이나 다이렉트 웹 페이지를 통해 비대면으로 즉시 개설할 수 있으며, 가입 대상은 개인 고객 및 사업자 소상공인까지 제한 조건 없이 누구나 참여 가능한 안전 고정금리 상품입니다.",https://naver.com_0024
2,하나저축은행,더블업 우대예금,연 3.76%,연 4.16%,스마트폰 모바일 앱 가입,개인 및 개인사업자 누구나 가입 가능,"이 금융 상품은 하나저축은행에서 운영 중인 '더블업 우대예금' 정기예금입니다. 기본적으로 보장되는 공시 금리는 현재 연 3.76%이며, 가입 이후 모바일 앱 푸시 알림 동의 및 종이 통장 미발행 환경 보호 참여 시 우대 이율 추가 조건을 성립시키면 최고 연 4.16%까지 금리가 상승합니다. 영업점 방문 창구 대기 필요 없이 스마트폰 모바일 앱이나 다이렉트 웹 페이지를 통해 비대면으로 즉시 개설할 수 있으며, 가입 대상은 개인 고객 및 사업자 소상공인까지 제한 조건 없이 누구나 참여 가능한 안전 고정금리 상품입니다.",https://naver.com_0025
2,KB저축은행,고금리 특판 예탁금,연 3.56%,연 3.89%,스마트폰 모바일 앱 가입,개인 및 개인사업자 누구나 가입 가능,"이 금융 상품은 KB저축은행에서 운영 중인 '고금리 특판 예탁금' 정기예금입니다. 기본적으로 보장되는 공시 금리는 현재 연 3.56%이며, 가입 이후 해당 금융사 첫 거래 신규 고객 우대 연 0.2% 포함 조건을 성립시키면 최고 연 3.89%까지 금리가 상승합니다. 영업점 방문 창구 대기 필요 없이 스마트폰 모바일 앱이나 다이렉트 웹 페이지를 통해 비대면으로 즉시 개설할 수 있으며, 가입 대상은 개인 고객 및 사업자 소상공인까지 제한 조건 없이 누구나 참여 가능한 안전 고정금리 상품입니다.",https://naver.com_0026
2,모아저축은행,정기예금 (단리식),연 3.75%,연 4.16%,스마트폰 모바일 앱 가입,개인 및 개인사업자 누구나 가입 가능,"이 금융 상품은 모아저축은행에서 운영 중인 '정기예금 (단리식)' 정기예금입니다. 기본적으로 보장되는 공시 금리는 현재 연 3.75%이며, 가입 이후 급여 이체 실적 및 신용카드 3개월 이용 결제 실적 충족 시 최고 금리 적용 조건을 성립시키면 최고 연 4.16%까지 금리가 상승합니다. 영업점 방문 창구 대기 필요 없이 스마트폰 모바일 앱이나 다이렉트 웹 페이지를 통해 비대면으로 즉시 개설할 수 있으며, 가입 대상은 개인 고객 및 사업자 소상공인까지 제한 조건 없이 누구나 참여 가능한 안전 고정금리 상품입니다.",https://naver.com_0027
2,중앙신협,고금리 특판 예탁금,연 3.51%,연 3.66%,스마트폰 모바일 앱 가입,개인 및 개인사업자 누구나 가입 가능,"이 금융 상품은 중앙신협에서 운영 중인 '고금리 특판 예탁금' 정기예금입니다. 기본적으로 보장되는 공시 금리는 현재 연 3.51%이며, 가입 이후 해당 기관 체크카드 발급 후 실적 충족 시 우대 이율 연 0.3% 즉시 반영 조건을 성립시키면 최고 연 3.66%까지 금리가 상승합니다. 영업점 방문 창구 대기 필요 없이 스마트폰 모바일 앱이나 다이렉트 웹 페이지를 통해 비대면으로 즉시 개설할 수 있으며, 가입 대상은 개인 고객 및 사업자 소상공인까지 제한 조건 없이 누구나 참여 가능한 안전 고정금리 상품입니다.",https://naver.com_0028
2,동대문신협,행복 패밀리 예금,연 3.62%,연 4.03%,스마트폰 모바일 앱 가입,개인 및 개인사업자 누구나 가입 가능,"이 금융 상품은 동대문신협에서 운영 중인 '행복 패밀리 예금' 정기예금입니다. 기본적으로 보장되는 공시 금리는 현재 연 3.62%이며, 가입 이후 해당 금융사 첫 거래 신규 고객 우대 연 0.2% 포함 조건을 성립시키면 최고 연 4.03%까지 금리가 상승합니다. 영업점 방문 창구 대기 필요 없이 스마트폰 모바일 앱이나 다이렉트 웹 페이지를 통해 비대면으로 즉시 개설할 수 있으며, 가입 대상은 개인 고객 및 사업자 소상공인까지 제한 조건 없이 누구나 참여 가능한 안전 고정금리 상품입니다.",https://naver.com_0029
2,부산원광신협,내집마련 정기예금,연 3.87%,연 4.06%,스마트폰 모바일 앱 가입,개인 및 개인사업자 누구나 가입 가능,"이 금융 상품은 부산원광신협에서 운영 중인 '내집마련 정기예금' 정기예금입니다. 기본적으로 보장되는 공시 금리는 현재 연 3.87%이며, 가입 이후 스마트폰 마케팅 활용 전제 동의 및 오픈뱅킹 계좌 등록 완료 시 연 0.15% 가산 조건을 성립시키면 최고 연 4.06%까지 금리가 상승합니다. 영업점 방문 창구 대기 필요 없이 스마트폰 모바일 앱이나 다이렉트 웹 페이지를 통해 비대면으로 즉시 개설할 수 있으며, 가입 대상은 개인 고객 및 사업자 소상공인까지 제한 조건 없이 누구나 참여 가능한 안전 고정금리 상품입니다.",https://naver.com_0030
2,대구대서신협,플러스 박스 예금,연 3.52%,연 3.87%,스마트폰 모바일 앱 가입,개인 및 개인사업자 누구나 가입 가능,"이 금융 상품은 대구대서신협에서 운영 중인 '플러스 박스 예금' 정기예금입니다. 기본적으로 보장되는 공시 금리는 현재 연 3.52%이며, 가입 이후 해당 기관 체크카드 발급 후 실적 충족 시 우대 이율 연 0.3% 즉시 반영 조건을 성립시키면 최고 연 3.87%까지 금리가 상승합니다. 영업점 방문 창구 대기 필요 없이 스마트폰 모바일 앱이나 다이렉트 웹 페이지를 통해 비대면으로 즉시 개설할 수 있으며, 가입 대상은 개인 고객 및 사업자 소상공인까지 제한 조건 없이 누구나 참여 가능한 안전 고정금리 상품입니다.",https://naver.com_0031
2,충절로신협,내집마련 정기예금,연 3.84%,연 4.16%,스마트폰 모바일 앱 가입,개인 및 개인사업자 누구나 가입 가능,"이 금융 상품은 충절로신협에서 운영 중인 '내집마련 정기예금' 정기예금입니다. 기본적으로 보장되는 공시 금리는 현재 연 3.84%이며, 가입 이후 급여 이체 실적 및 신용카드 3개월 이용 결제 실적 충족 시 최고 금리 적용 조건을 성립시키면 최고 연 4.16%까지 금리가 상승합니다. 영업점 방문 창구 대기 필요 없이 스마트폰 모바일 앱이나 다이렉트 웹 페이지를 통해 비대면으로 즉시 개설할 수 있으며, 가입 대상은 개인 고객 및 사업자 소상공인까지 제한 조건 없이 누구나 참여 가능한 안전 고정금리 상품입니다.",https://naver.com_0032
2,SH수협은행,비대면 모바일 정기예금,연 3.31%,연 3.74%,스마트폰 모바일 앱 가입,개인 및 개인사업자 누구나 가입 가능,"이 금융 상품은 SH수협은행에서 운영 중인 '비대면 모바일 정기예금' 정기예금입니다. 기본적으로 보장되는 공시 금리는 현재 연 3.31%이며, 가입 이후 해당 기관 체크카드 발급 후 실적 충족 시 우대 이율 연 0.3% 즉시 반영 조건을 성립시키면 최고 연 3.74%까지 금리가 상승합니다. 영업점 방문 창구 대기 필요 없이 스마트폰 모바일 앱이나 다이렉트 웹 페이지를 통해 비대면으로 즉시 개설할 수 있으며, 가입 대상은 개인 고객 및 사업자 소상공인까지 제한 조건 없이 누구나 참여 가능한 안전 고정금리 상품입니다.",https://naver.com_0033
2,KB국민은행,회전식 정기예금,연 3.88%,연 4.25%,스마트폰 모바일 앱 가입,개인 및 개인사업자 누구나 가입 가능,"이 금융 상품은 KB국민은행에서 운영 중인 '회전식 정기예금' 정기예금입니다. 기본적으로 보장되는 공시 금리는 현재 연 3.88%이며, 가입 이후 스마트폰 마케팅 활용 전제 동의 및 오픈뱅킹 계좌 등록 완료 시 연 0.15% 가산 조건을 성립시키면 최고 연 4.25%까지 금리가 상승합니다. 영업점 방문 창구 대기 필요 없이 스마트폰 모바일 앱이나 다이렉트 웹 페이지를 통해 비대면으로 즉시 개설할 수 있으며, 가입 대상은 개인 고객 및 사업자 소상공인까지 제한 조건 없이 누구나 참여 가능한 안전 고정금리 상품입니다.",https://naver.com_0034
2,신한은행,직장인 목돈 굴리기,연 3.82%,연 4.05%,스마트폰 모바일 앱 가입,개인 및 개인사업자 누구나 가입 가능,"이 금융 상품은 신한은행에서 운영 중인 '직장인 목돈 굴리기' 정기예금입니다. 기본적으로 보장되는 공시 금리는 현재 연 3.82%이며, 가입 이후 스마트폰 마케팅 활용 전제 동의 및 오픈뱅킹 계좌 등록 완료 시 연 0.15% 가산 조건을 성립시키면 최고 연 4.05%까지 금리가 상승합니다. 영업점 방문 창구 대기 필요 없이 스마트폰 모바일 앱이나 다이렉트 웹 페이지를 통해 비대면으로 즉시 개설할 수 있으며, 가입 대상은 개인 고객 및 사업자 소상공인까지 제한 조건 없이 누구나 참여 가능한 안전 고정금리 상품입니다.",https://naver.com_0035
2,하나은행,스타트 정기예탁금,연 3.64%,연 4.05%,스마트폰 모바일 앱 가입,개인 및 개인사업자 누구나 가입 가능,"이 금융 상품은 하나은행에서 운영 중인 '스타트 정기예탁금' 정기예금입니다. 기본적으로 보장되는 공시 금리는 현재 연 3.64%이며, 가입 이후 해당 기관 체크카드 발급 후 실적 충족 시 우대 이율 연 0.3% 즉시 반영 조건을 성립시키면 최고 연 4.05%까지 금리가 상승합니다. 영업점 방문 창구 대기 필요 없이 스마트폰 모바일 앱이나 다이렉트 웹 페이지를 통해 비대면으로 즉시 개설할 수 있으며, 가입 대상은 개인 고객 및 사업자 소상공인까지 제한 조건 없이 누구나 참여 가능한 안전 고정금리 상품입니다.",https://naver.com_0036
2,우리은행,MZ세대 우대형 예금,연 3.55%,연 3.73%,스마트폰 모바일 앱 가입,개인 및 개인사업자 누구나 가입 가능,"이 금융 상품은 우리은행에서 운영 중인 'MZ세대 우대형 예금' 정기예금입니다. 기본적으로 보장되는 공시 금리는 현재 연 3.55%이며, 가입 이후 자동이체 연결 실적 1건 이상 충족 및 제휴 서비스 연동 시 우대 금리 적용 조건을 성립시키면 최고 연 3.73%까지 금리가 상승합니다. 영업점 방문 창구 대기 필요 없이 스마트폰 모바일 앱이나 다이렉트 웹 페이지를 통해 비대면으로 즉시 개설할 수 있으며, 가입 대상은 개인 고객 및 사업자 소상공인까지 제한 조건 없이 누구나 참여 가능한 안전 고정금리 상품입니다.",https://naver.com_0037
2,NH농협은행,첫만남 우대예금,연 3.61%,연 3.84%,스마트폰 모바일 앱 가입,개인 및 개인사업자 누구나 가입 가능,"이 금융 상품은 NH농협은행에서 운영 중인 '첫만남 우대예금' 정기예금입니다. 기본적으로 보장되는 공시 금리는 현재 연 3.61%이며, 가입 이후 인터넷/모바일 스마트 패스 뱅킹을 통한 비대면 신규 가입 시 우대 금리 제공 조건을 성립시키면 최고 연 3.84%까지 금리가 상승합니다. 영업점 방문 창구 대기 필요 없이 스마트폰 모바일 앱이나 다이렉트 웹 페이지를 통해 비대면으로 즉시 개설할 수 있으며, 가입 대상은 개인 고객 및 사업자 소상공인까지 제한 조건 없이 누구나 참여 가능한 안전 고정금리 상품입니다.",https://naver.com_0038
2,IBK기업은행,시니어 연금형 예금,연 3.33%,연 3.51%,스마트폰 모바일 앱 가입,개인 및 개인사업자 누구나 가입 가능,"이 금융 상품은 IBK기업은행에서 운영 중인 '시니어 연금형 예금' 정기예금입니다. 기본적으로 보장되는 공시 금리는 현재 연 3.33%이며, 가입 이후 모바일 앱 푸시 알림 동의 및 종이 통장 미발행 환경 보호 참여 시 우대 이율 추가 조건을 성립시키면 최고 연 3.51%까지 금리가 상승합니다. 영업점 방문 창구 대기 필요 없이 스마트폰 모바일 앱이나 다이렉트 웹 페이지를 통해 비대면으로 즉시 개설할 수 있으며, 가입 대상은 개인 고객 및 사업자 소상공인까지 제한 조건 없이 누구나 참여 가능한 안전 고정금리 상품입니다.",https://naver.com_0039
3,카카오뱅크,시니어 연금형 예금,연 3.39%,연 3.67%,스마트폰 모바일 앱 가입,개인 및 개인사업자 누구나 가입 가능,"이 금융 상품은 카카오뱅크에서 운영 중인 '시니어 연금형 예금' 정기예금입니다. 기본적으로 보장되는 공시 금리는 현재 연 3.39%이며, 가입 이후 인터넷/모바일 스마트 패스 뱅킹을 통한 비대면 신규 가입 시 우대 금리 제공 조건을 성립시키면 최고 연 3.67%까지 금리가 상승합니다. 영업점 방문 창구 대기 필요 없이 스마트폰 모바일 앱이나 다이렉트 웹 페이지를 통해 비대면으로 즉시 개설할 수 있으며, 가입 대상은 개인 고객 및 사업자 소상공인까지 제한 조건 없이 누구나 참여 가능한 안전 고정금리 상품입니다.",https://naver.com_0040
3,토스뱅크,내집마련 정기예금,연 3.51%,연 3.68%,스마트폰 모바일 앱 가입,개인 및 개인사업자 누구나 가입 가능,"이 금융 상품은 토스뱅크에서 운영 중인 '내집마련 정기예금' 정기예금입니다. 기본적으로 보장되는 공시 금리는 현재 연 3.51%이며, 가입 이후 해당 금융사 첫 거래 신규 고객 우대 연 0.2% 포함 조건을 성립시키면 최고 연 3.68%까지 금리가 상승합니다. 영업점 방문 창구 대기 필요 없이 스마트폰 모바일 앱이나 다이렉트 웹 페이지를 통해 비대면으로 즉시 개설할 수 있으며, 가입 대상은 개인 고객 및 사업자 소상공인까지 제한 조건 없이 누구나 참여 가능한 안전 고정금리 상품입니다.",https://naver.com_0041
3,케이뱅크,한도제한 없는 예금,연 3.88%,연 4.14%,스마트폰 모바일 앱 가입,개인 및 개인사업자 누구나 가입 가능,"이 금융 상품은 케이뱅크에서 운영 중인 '한도제한 없는 예금' 정기예금입니다. 기본적으로 보장되는 공시 금리는 현재 연 3.88%이며, 가입 이후 자동이체 연결 실적 1건 이상 충족 및 제휴 서비스 연동 시 우대 금리 적용 조건을 성립시키면 최고 연 4.14%까지 금리가 상승합니다. 영업점 방문 창구 대기 필요 없이 스마트폰 모바일 앱이나 다이렉트 웹 페이지를 통해 비대면으로 즉시 개설할 수 있으며, 가입 대상은 개인 고객 및 사업자 소상공인까지 제한 조건 없이 누구나 참여 가능한 안전 고정금리 상품입니다.",https://naver.com_0042
3,SC제일은행,회전식 정기예금,연 3.32%,연 3.72%,스마트폰 모바일 앱 가입,개인 및 개인사업자 누구나 가입 가능,"이 금융 상품은 SC제일은행에서 운영 중인 '회전식 정기예금' 정기예금입니다. 기본적으로 보장되는 공시 금리는 현재 연 3.32%이며, 가입 이후 모바일 앱 푸시 알림 동의 및 종이 통장 미발행 환경 보호 참여 시 우대 이율 추가 조건을 성립시키면 최고 연 3.72%까지 금리가 상승합니다. 영업점 방문 창구 대기 필요 없이 스마트폰 모바일 앱이나 다이렉트 웹 페이지를 통해 비대면으로 즉시 개설할 수 있으며, 가입 대상은 개인 고객 및 사업자 소상공인까지 제한 조건 없이 누구나 참여 가능한 안전 고정금리 상품입니다.",https://naver.com_0043
3,부산은행,e-그린세이브 예금,연 3.42%,연 3.71%,스마트폰 모바일 앱 가입,개인 및 개인사업자 누구나 가입 가능,"이 금융 상품은 부산은행에서 운영 중인 'e-그린세이브 예금' 정기예금입니다. 기본적으로 보장되는 공시 금리는 현재 연 3.42%이며, 가입 이후 모바일 앱 푸시 알림 동의 및 종이 통장 미발행 환경 보호 참여 시 우대 이율 추가 조건을 성립시키면 최고 연 3.71%까지 금리가 상승합니다. 영업점 방문 창구 대기 필요 없이 스마트폰 모바일 앱이나 다이렉트 웹 페이지를 통해 비대면으로 즉시 개설할 수 있으며, 가입 대상은 개인 고객 및 사업자 소상공인까지 제한 조건 없이 누구나 참여 가능한 안전 고정금리 상품입니다.",https://naver.com_0044
3,iM뱅크(대구은행),코드하나 정기예탁금,연 3.57%,연 3.88%,스마트폰 모바일 앱 가입,개인 및 개인사업자 누구나 가입 가능,"이 금융 상품은 iM뱅크(대구은행)에서 운영 중인 '코드하나 정기예탁금' 정기예금입니다. 기본적으로 보장되는 공시 금리는 현재 연 3.57%이며, 가입 이후 급여 이체 실적 및 신용카드 3개월 이용 결제 실적 충족 시 최고 금리 적용 조건을 성립시키면 최고 연 3.88%까지 금리가 상승합니다. 영업점 방문 창구 대기 필요 없이 스마트폰 모바일 앱이나 다이렉트 웹 페이지를 통해 비대면으로 즉시 개설할 수 있으며, 가입 대상은 개인 고객 및 사업자 소상공인까지 제한 조건 없이 누구나 참여 가능한 안전 고정금리 상품입니다.",https://naver.com_0045
3,광주은행,하나의 정기예금,연 3.64%,연 3.97%,스마트폰 모바일 앱 가입,개인 및 개인사업자 누구나 가입 가능,"이 금융 상품은 광주은행에서 운영 중인 '하나의 정기예금' 정기예금입니다. 기본적으로 보장되는 공시 금리는 현재 연 3.64%이며, 가입 이후 해당 기관 체크카드 발급 후 실적 충족 시 우대 이율 연 0.3% 즉시 반영 조건을 성립시키면 최고 연 3.97%까지 금리가 상승합니다. 영업점 방문 창구 대기 필요 없이 스마트폰 모바일 앱이나 다이렉트 웹 페이지를 통해 비대면으로 즉시 개설할 수 있으며, 가입 대상은 개인 고객 및 사업자 소상공인까지 제한 조건 없이 누구나 참여 가능한 안전 고정금리 상품입니다.",https://naver.com_0046
3,제주은행,SB톡톡 정기예금,연 3.47%,연 3.71%,스마트폰 모바일 앱 가입,개인 및 개인사업자 누구나 가입 가능,"이 금융 상품은 제주은행에서 운영 중인 'SB톡톡 정기예금' 정기예금입니다. 기본적으로 보장되는 공시 금리는 현재 연 3.47%이며, 가입 이후 인터넷/모바일 스마트 패스 뱅킹을 통한 비대면 신규 가입 시 우대 금리 제공 조건을 성립시키면 최고 연 3.71%까지 금리가 상승합니다. 영업점 방문 창구 대기 필요 없이 스마트폰 모바일 앱이나 다이렉트 웹 페이지를 통해 비대면으로 즉시 개설할 수 있으며, 가입 대상은 개인 고객 및 사업자 소상공인까지 제한 조건 없이 누구나 참여 가능한 안전 고정금리 상품입니다.",https://naver.com_0047
3,전북은행,SB톡톡 정기예금,연 3.75%,연 4.0%,스마트폰 모바일 앱 가입,개인 및 개인사업자 누구나 가입 가능,"이 금융 상품은 전북은행에서 운영 중인 'SB톡톡 정기예금' 정기예금입니다. 기본적으로 보장되는 공시 금리는 현재 연 3.75%이며, 가입 이후 스마트폰 마케팅 활용 전제 동의 및 오픈뱅킹 계좌 등록 완료 시 연 0.15% 가산 조건을 성립시키면 최고 연 4.0%까지 금리가 상승합니다. 영업점 방문 창구 대기 필요 없이 스마트폰 모바일 앱이나 다이렉트 웹 페이지를 통해 비대면으로 즉시 개설할 수 있으며, 가입 대상은 개인 고객 및 사업자 소상공인까지 제한 조건 없이 누구나 참여 가능한 안전 고정금리 상품입니다.",https://naver.com_0048
3,KDB산업은행,플러스 박스 예금,연 3.52%,연 3.8%,스마트폰 모바일 앱 가입,개인 및 개인사업자 누구나 가입 가능,"이 금융 상품은 KDB산업은행에서 운영 중인 '플러스 박스 예금' 정기예금입니다. 기본적으로 보장되는 공시 금리는 현재 연 3.52%이며, 가입 이후 인터넷/모바일 스마트 패스 뱅킹을 통한 비대면 신규 가입 시 우대 금리 제공 조건을 성립시키면 최고 연 3.8%까지 금리가 상승합니다. 영업점 방문 창구 대기 필요 없이 스마트폰 모바일 앱이나 다이렉트 웹 페이지를 통해 비대면으로 즉시 개설할 수 있으며, 가입 대상은 개인 고객 및 사업자 소상공인까지 제한 조건 없이 누구나 참여 가능한 안전 고정금리 상품입니다.",https://naver.com_0049
3,웰컴저축은행,플러스 박스 예금,연 3.32%,연 3.71%,스마트폰 모바일 앱 가입,개인 및 개인사업자 누구나 가입 가능,"이 금융 상품은 웰컴저축은행에서 운영 중인 '플러스 박스 예금' 정기예금입니다. 기본적으로 보장되는 공시 금리는 현재 연 3.32%이며, 가입 이후 자동이체 연결 실적 1건 이상 충족 및 제휴 서비스 연동 시 우대 금리 적용 조건을 성립시키면 최고 연 3.71%까지 금리가 상승합니다. 영업점 방문 창구 대기 필요 없이 스마트폰 모바일 앱이나 다이렉트 웹 페이지를 통해 비대면으로 즉시 개설할 수 있으며, 가입 대상은 개인 고객 및 사업자 소상공인까지 제한 조건 없이 누구나 참여 가능한 안전 고정금리 상품입니다.",https://naver.com_0050
3,SBI저축은행,꿈꾸는 목돈 정기예금,연 3.37%,연 3.75%,스마트폰 모바일 앱 가입,개인 및 개인사업자 누구나 가입 가능,"이 금융 상품은 SBI저축은행에서 운영 중인 '꿈꾸는 목돈 정기예금' 정기예금입니다. 기본적으로 보장되는 공시 금리는 현재 연 3.37%이며, 가입 이후 해당 기관 체크카드 발급 후 실적 충족 시 우대 이율 연 0.3% 즉시 반영 조건을 성립시키면 최고 연 3.75%까지 금리가 상승합니다. 영업점 방문 창구 대기 필요 없이 스마트폰 모바일 앱이나 다이렉트 웹 페이지를 통해 비대면으로 즉시 개설할 수 있으며, 가입 대상은 개인 고객 및 사업자 소상공인까지 제한 조건 없이 누구나 참여 가능한 안전 고정금리 상품입니다.",https://naver.com_0051
3,OK저축은행,고금리 특판 예탁금,연 3.43%,연 3.58%,스마트폰 모바일 앱 가입,개인 및 개인사업자 누구나 가입 가능,"이 금융 상품은 OK저축은행에서 운영 중인 '고금리 특판 예탁금' 정기예금입니다. 기본적으로 보장되는 공시 금리는 현재 연 3.43%이며, 가입 이후 모바일 앱 푸시 알림 동의 및 종이 통장 미발행 환경 보호 참여 시 우대 이율 추가 조건을 성립시키면 최고 연 3.58%까지 금리가 상승합니다. 영업점 방문 창구 대기 필요 없이 스마트폰 모바일 앱이나 다이렉트 웹 페이지를 통해 비대면으로 즉시 개설할 수 있으며, 가입 대상은 개인 고객 및 사업자 소상공인까지 제한 조건 없이 누구나 참여 가능한 안전 고정금리 상품입니다.",https://naver.com_0052
3,페퍼저축은행,SB톡톡 정기예금,연 3.62%,연 3.88%,스마트폰 모바일 앱 가입,개인 및 개인사업자 누구나 가입 가능,"이 금융 상품은 페퍼저축은행에서 운영 중인 'SB톡톡 정기예금' 정기예금입니다. 기본적으로 보장되는 공시 금리는 현재 연 3.62%이며, 가입 이후 모바일 앱 푸시 알림 동의 및 종이 통장 미발행 환경 보호 참여 시 우대 이율 추가 조건을 성립시키면 최고 연 3.88%까지 금리가 상승합니다. 영업점 방문 창구 대기 필요 없이 스마트폰 모바일 앱이나 다이렉트 웹 페이지를 통해 비대면으로 즉시 개설할 수 있으며, 가입 대상은 개인 고객 및 사업자 소상공인까지 제한 조건 없이 누구나 참여 가능한 안전 고정금리 상품입니다.",https://naver.com_0053
3,한국투자저축은행,직장인 목돈 굴리기,연 3.34%,연 3.78%,스마트폰 모바일 앱 가입,개인 및 개인사업자 누구나 가입 가능,"이 금융 상품은 한국투자저축은행에서 운영 중인 '직장인 목돈 굴리기' 정기예금입니다. 기본적으로 보장되는 공시 금리는 현재 연 3.34%이며, 가입 이후 인터넷/모바일 스마트 패스 뱅킹을 통한 비대면 신규 가입 시 우대 금리 제공 조건을 성립시키면 최고 연 3.78%까지 금리가 상승합니다. 영업점 방문 창구 대기 필요 없이 스마트폰 모바일 앱이나 다이렉트 웹 페이지를 통해 비대면으로 즉시 개설할 수 있으며, 가입 대상은 개인 고객 및 사업자 소상공인까지 제한 조건 없이 누구나 참여 가능한 안전 고정금리 상품입니다.",https://naver.com_0054
3,다올저축은행,SB톡톡 정기예금,연 3.63%,연 3.93%,스마트폰 모바일 앱 가입,개인 및 개인사업자 누구나 가입 가능,"이 금융 상품은 다올저축은행에서 운영 중인 'SB톡톡 정기예금' 정기예금입니다. 기본적으로 보장되는 공시 금리는 현재 연 3.63%이며, 가입 이후 해당 금융사 첫 거래 신규 고객 우대 연 0.2% 포함 조건을 성립시키면 최고 연 3.93%까지 금리가 상승합니다. 영업점 방문 창구 대기 필요 없이 스마트폰 모바일 앱이나 다이렉트 웹 페이지를 통해 비대면으로 즉시 개설할 수 있으며, 가입 대상은 개인 고객 및 사업자 소상공인까지 제한 조건 없이 누구나 참여 가능한 안전 고정금리 상품입니다.",https://naver.com_0055
3,신한저축은행,기업상생 파트너 예금,연 3.69%,연 3.86%,스마트폰 모바일 앱 가입,개인 및 개인사업자 누구나 가입 가능,"이 금융 상품은 신한저축은행에서 운영 중인 '기업상생 파트너 예금' 정기예금입니다. 기본적으로 보장되는 공시 금리는 현재 연 3.69%이며, 가입 이후 모바일 앱 푸시 알림 동의 및 종이 통장 미발행 환경 보호 참여 시 우대 이율 추가 조건을 성립시키면 최고 연 3.86%까지 금리가 상승합니다. 영업점 방문 창구 대기 필요 없이 스마트폰 모바일 앱이나 다이렉트 웹 페이지를 통해 비대면으로 즉시 개설할 수 있으며, 가입 대상은 개인 고객 및 사업자 소상공인까지 제한 조건 없이 누구나 참여 가능한 안전 고정금리 상품입니다.",https://naver.com_0056
3,하나저축은행,직장인 목돈 굴리기,연 3.7%,연 3.88%,스마트폰 모바일 앱 가입,개인 및 개인사업자 누구나 가입 가능,"이 금융 상품은 하나저축은행에서 운영 중인 '직장인 목돈 굴리기' 정기예금입니다. 기본적으로 보장되는 공시 금리는 현재 연 3.7%이며, 가입 이후 해당 금융사 첫 거래 신규 고객 우대 연 0.2% 포함 조건을 성립시키면 최고 연 3.88%까지 금리가 상승합니다. 영업점 방문 창구 대기 필요 없이 스마트폰 모바일 앱이나 다이렉트 웹 페이지를 통해 비대면으로 즉시 개설할 수 있으며, 가입 대상은 개인 고객 및 사업자 소상공인까지 제한 조건 없이 누구나 참여 가능한 안전 고정금리 상품입니다.",https://naver.com_0057
3,KB저축은행,코드하나 정기예탁금,연 3.36%,연 3.69%,스마트폰 모바일 앱 가입,개인 및 개인사업자 누구나 가입 가능,"이 금융 상품은 KB저축은행에서 운영 중인 '코드하나 정기예탁금' 정기예금입니다. 기본적으로 보장되는 공시 금리는 현재 연 3.36%이며, 가입 이후 스마트폰 마케팅 활용 전제 동의 및 오픈뱅킹 계좌 등록 완료 시 연 0.15% 가산 조건을 성립시키면 최고 연 3.69%까지 금리가 상승합니다. 영업점 방문 창구 대기 필요 없이 스마트폰 모바일 앱이나 다이렉트 웹 페이지를 통해 비대면으로 즉시 개설할 수 있으며, 가입 대상은 개인 고객 및 사업자 소상공인까지 제한 조건 없이 누구나 참여 가능한 안전 고정금리 상품입니다.",https://naver.com_0058
3,모아저축은행,회전식 정기예금,연 3.5%,연 3.83%,스마트폰 모바일 앱 가입,개인 및 개인사업자 누구나 가입 가능,"이 금융 상품은 모아저축은행에서 운영 중인 '회전식 정기예금' 정기예금입니다. 기본적으로 보장되는 공시 금리는 현재 연 3.5%이며, 가입 이후 공동구매 형식으로 일정 기간 내 특정 모집 금액대 달성 시 추가 이율 제공 조건을 성립시키면 최고 연 3.83%까지 금리가 상승합니다. 영업점 방문 창구 대기 필요 없이 스마트폰 모바일 앱이나 다이렉트 웹 페이지를 통해 비대면으로 즉시 개설할 수 있으며, 가입 대상은 개인 고객 및 사업자 소상공인까지 제한 조건 없이 누구나 참여 가능한 안전 고정금리 상품입니다.",https://naver.com_0059
4,중앙신협,플러스 박스 예금,연 3.9%,연 4.22%,스마트폰 모바일 앱 가입,개인 및 개인사업자 누구나 가입 가능,"이 금융 상품은 중앙신협에서 운영 중인 '플러스 박스 예금' 정기예금입니다. 기본적으로 보장되는 공시 금리는 현재 연 3.9%이며, 가입 이후 인터넷/모바일 스마트 패스 뱅킹을 통한 비대면 신규 가입 시 우대 금리 제공 조건을 성립시키면 최고 연 4.22%까지 금리가 상승합니다. 영업점 방문 창구 대기 필요 없이 스마트폰 모바일 앱이나 다이렉트 웹 페이지를 통해 비대면으로 즉시 개설할 수 있으며, 가입 대상은 개인 고객 및 사업자 소상공인까지 제한 조건 없이 누구나 참여 가능한 안전 고정금리 상품입니다.",https://naver.com_0060
4,동대문신협,유니온 정기예금,연 3.68%,연 3.95%,스마트폰 모바일 앱 가입,개인 및 개인사업자 누구나 가입 가능,"이 금융 상품은 동대문신협에서 운영 중인 '유니온 정기예금' 정기예금입니다. 기본적으로 보장되는 공시 금리는 현재 연 3.68%이며, 가입 이후 해당 기관 체크카드 발급 후 실적 충족 시 우대 이율 연 0.3% 즉시 반영 조건을 성립시키면 최고 연 3.95%까지 금리가 상승합니다. 영업점 방문 창구 대기 필요 없이 스마트폰 모바일 앱이나 다이렉트 웹 페이지를 통해 비대면으로 즉시 개설할 수 있으며, 가입 대상은 개인 고객 및 사업자 소상공인까지 제한 조건 없이 누구나 참여 가능한 안전 고정금리 상품입니다.",https://naver.com_0061
4,부산원광신협,MZ세대 우대형 예금,연 3.62%,연 3.87%,스마트폰 모바일 앱 가입,개인 및 개인사업자 누구나 가입 가능,"이 금융 상품은 부산원광신협에서 운영 중인 'MZ세대 우대형 예금' 정기예금입니다. 기본적으로 보장되는 공시 금리는 현재 연 3.62%이며, 가입 이후 급여 이체 실적 및 신용카드 3개월 이용 결제 실적 충족 시 최고 금리 적용 조건을 성립시키면 최고 연 3.87%까지 금리가 상승합니다. 영업점 방문 창구 대기 필요 없이 스마트폰 모바일 앱이나 다이렉트 웹 페이지를 통해 비대면으로 즉시 개설할 수 있으며, 가입 대상은 개인 고객 및 사업자 소상공인까지 제한 조건 없이 누구나 참여 가능한 안전 고정금리 상품입니다.",https://naver.com_0062
4,대구대서신협,더블업 우대예금,연 3.81%,연 4.18%,스마트폰 모바일 앱 가입,개인 및 개인사업자 누구나 가입 가능,"이 금융 상품은 대구대서신협에서 운영 중인 '더블업 우대예금' 정기예금입니다. 기본적으로 보장되는 공시 금리는 현재 연 3.81%이며, 가입 이후 해당 기관 체크카드 발급 후 실적 충족 시 우대 이율 연 0.3% 즉시 반영 조건을 성립시키면 최고 연 4.18%까지 금리가 상승합니다. 영업점 방문 창구 대기 필요 없이 스마트폰 모바일 앱이나 다이렉트 웹 페이지를 통해 비대면으로 즉시 개설할 수 있으며, 가입 대상은 개인 고객 및 사업자 소상공인까지 제한 조건 없이 누구나 참여 가능한 안전 고정금리 상품입니다.",https://naver.com_0063
4,충절로신협,e-그린세이브 예금,연 3.72%,연 4.14%,스마트폰 모바일 앱 가입,개인 및 개인사업자 누구나 가입 가능,"이 금융 상품은 충절로신협에서 운영 중인 'e-그린세이브 예금' 정기예금입니다. 기본적으로 보장되는 공시 금리는 현재 연 3.72%이며, 가입 이후 인터넷/모바일 스마트 패스 뱅킹을 통한 비대면 신규 가입 시 우대 금리 제공 조건을 성립시키면 최고 연 4.14%까지 금리가 상승합니다. 영업점 방문 창구 대기 필요 없이 스마트폰 모바일 앱이나 다이렉트 웹 페이지를 통해 비대면으로 즉시 개설할 수 있으며, 가입 대상은 개인 고객 및 사업자 소상공인까지 제한 조건 없이 누구나 참여 가능한 안전 고정금리 상품입니다.",https://naver.com_0064
4,SH수협은행,정기예금 (단리식),연 3.63%,연 3.87%,스마트폰 모바일 앱 가입,개인 및 개인사업자 누구나 가입 가능,"이 금융 상품은 SH수협은행에서 운영 중인 '정기예금 (단리식)' 정기예금입니다. 기본적으로 보장되는 공시 금리는 현재 연 3.63%이며, 가입 이후 모바일 앱 푸시 알림 동의 및 종이 통장 미발행 환경 보호 참여 시 우대 이율 추가 조건을 성립시키면 최고 연 3.87%까지 금리가 상승합니다. 영업점 방문 창구 대기 필요 없이 스마트폰 모바일 앱이나 다이렉트 웹 페이지를 통해 비대면으로 즉시 개설할 수 있으며, 가입 대상은 개인 고객 및 사업자 소상공인까지 제한 조건 없이 누구나 참여 가능한 안전 고정금리 상품입니다.",https://naver.com_0065
4,KB국민은행,첫만남 우대예금,연 3.88%,연 4.31%,스마트폰 모바일 앱 가입,개인 및 개인사업자 누구나 가입 가능,"이 금융 상품은 KB국민은행에서 운영 중인 '첫만남 우대예금' 정기예금입니다. 기본적으로 보장되는 공시 금리는 현재 연 3.88%이며, 가입 이후 자동이체 연결 실적 1건 이상 충족 및 제휴 서비스 연동 시 우대 금리 적용 조건을 성립시키면 최고 연 4.31%까지 금리가 상승합니다. 영업점 방문 창구 대기 필요 없이 스마트폰 모바일 앱이나 다이렉트 웹 페이지를 통해 비대면으로 즉시 개설할 수 있으며, 가입 대상은 개인 고객 및 사업자 소상공인까지 제한 조건 없이 누구나 참여 가능한 안전 고정금리 상품입니다.",https://naver.com_0066
4,하나은행,더블업 우대예금,연 3.86%,연 4.07%,스마트폰 모바일 앱 가입,개인 및 개인사업자 누구나 가입 가능,"이 금융 상품은 하나은행에서 운영 중인 '더블업 우대예금' 정기예금입니다. 기본적으로 보장되는 공시 금리는 현재 연 3.86%이며, 가입 이후 모바일 앱 푸시 알림 동의 및 종이 통장 미발행 환경 보호 참여 시 우대 이율 추가 조건을 성립시키면 최고 연 4.07%까지 금리가 상승합니다. 영업점 방문 창구 대기 필요 없이 스마트폰 모바일 앱이나 다이렉트 웹 페이지를 통해 비대면으로 즉시 개설할 수 있으며, 가입 대상은 개인 고객 및 사업자 소상공인까지 제한 조건 없이 누구나 참여 가능한 안전 고정금리 상품입니다.",https://naver.com_0067
4,우리은행,코드하나 정기예탁금,연 3.54%,연 3.87%,스마트폰 모바일 앱 가입,개인 및 개인사업자 누구나 가입 가능,"이 금융 상품은 우리은행에서 운영 중인 '코드하나 정기예탁금' 정기예금입니다. 기본적으로 보장되는 공시 금리는 현재 연 3.54%이며, 가입 이후 해당 금융사 첫 거래 신규 고객 우대 연 0.2% 포함 조건을 성립시키면 최고 연 3.87%까지 금리가 상승합니다. 영업점 방문 창구 대기 필요 없이 스마트폰 모바일 앱이나 다이렉트 웹 페이지를 통해 비대면으로 즉시 개설할 수 있으며, 가입 대상은 개인 고객 및 사업자 소상공인까지 제한 조건 없이 누구나 참여 가능한 안전 고정금리 상품입니다.",https://naver.com_0068
4,NH농협은행,코드하나 정기예탁금,연 3.52%,연 3.71%,스마트폰 모바일 앱 가입,개인 및 개인사업자 누구나 가입 가능,"이 금융 상품은 NH농협은행에서 운영 중인 '코드하나 정기예탁금' 정기예금입니다. 기본적으로 보장되는 공시 금리는 현재 연 3.52%이며, 가입 이후 급여 이체 실적 및 신용카드 3개월 이용 결제 실적 충족 시 최고 금리 적용 조건을 성립시키면 최고 연 3.71%까지 금리가 상승합니다. 영업점 방문 창구 대기 필요 없이 스마트폰 모바일 앱이나 다이렉트 웹 페이지를 통해 비대면으로 즉시 개설할 수 있으며, 가입 대상은 개인 고객 및 사업자 소상공인까지 제한 조건 없이 누구나 참여 가능한 안전 고정금리 상품입니다.",https://naver.com_0069
4,IBK기업은행,비대면 모바일 정기예금,연 3.48%,연 3.9%,스마트폰 모바일 앱 가입,개인 및 개인사업자 누구나 가입 가능,"이 금융 상품은 IBK기업은행에서 운영 중인 '비대면 모바일 정기예금' 정기예금입니다. 기본적으로 보장되는 공시 금리는 현재 연 3.48%이며, 가입 이후 스마트폰 마케팅 활용 전제 동의 및 오픈뱅킹 계좌 등록 완료 시 연 0.15% 가산 조건을 성립시키면 최고 연 3.9%까지 금리가 상승합니다. 영업점 방문 창구 대기 필요 없이 스마트폰 모바일 앱이나 다이렉트 웹 페이지를 통해 비대면으로 즉시 개설할 수 있으며, 가입 대상은 개인 고객 및 사업자 소상공인까지 제한 조건 없이 누구나 참여 가능한 안전 고정금리 상품입니다.",https://naver.com_0070
4,카카오뱅크,기업상생 파트너 예금,연 3.6%,연 3.87%,스마트폰 모바일 앱 가입,개인 및 개인사업자 누구나 가입 가능,"이 금융 상품은 카카오뱅크에서 운영 중인 '기업상생 파트너 예금' 정기예금입니다. 기본적으로 보장되는 공시 금리는 현재 연 3.6%이며, 가입 이후 인터넷/모바일 스마트 패스 뱅킹을 통한 비대면 신규 가입 시 우대 금리 제공 조건을 성립시키면 최고 연 3.87%까지 금리가 상승합니다. 영업점 방문 창구 대기 필요 없이 스마트폰 모바일 앱이나 다이렉트 웹 페이지를 통해 비대면으로 즉시 개설할 수 있으며, 가입 대상은 개인 고객 및 사업자 소상공인까지 제한 조건 없이 누구나 참여 가능한 안전 고정금리 상품입니다.",https://naver.com_0071
4,토스뱅크,더블업 우대예금,연 3.62%,연 4.02%,스마트폰 모바일 앱 가입,개인 및 개인사업자 누구나 가입 가능,"이 금융 상품은 토스뱅크에서 운영 중인 '더블업 우대예금' 정기예금입니다. 기본적으로 보장되는 공시 금리는 현재 연 3.62%이며, 가입 이후 자동이체 연결 실적 1건 이상 충족 및 제휴 서비스 연동 시 우대 금리 적용 조건을 성립시키면 최고 연 4.02%까지 금리가 상승합니다. 영업점 방문 창구 대기 필요 없이 스마트폰 모바일 앱이나 다이렉트 웹 페이지를 통해 비대면으로 즉시 개설할 수 있으며, 가입 대상은 개인 고객 및 사업자 소상공인까지 제한 조건 없이 누구나 참여 가능한 안전 고정금리 상품입니다.",https://naver.com_0072
4,케이뱅크,비대면 모바일 정기예금,연 3.39%,연 3.64%,스마트폰 모바일 앱 가입,개인 및 개인사업자 누구나 가입 가능,"이 금융 상품은 케이뱅크에서 운영 중인 '비대면 모바일 정기예금' 정기예금입니다. 기본적으로 보장되는 공시 금리는 현재 연 3.39%이며, 가입 이후 급여 이체 실적 및 신용카드 3개월 이용 결제 실적 충족 시 최고 금리 적용 조건을 성립시키면 최고 연 3.64%까지 금리가 상승합니다. 영업점 방문 창구 대기 필요 없이 스마트폰 모바일 앱이나 다이렉트 웹 페이지를 통해 비대면으로 즉시 개설할 수 있으며, 가입 대상은 개인 고객 및 사업자 소상공인까지 제한 조건 없이 누구나 참여 가능한 안전 고정금리 상품입니다.",https://naver.com_0073
4,SC제일은행,유니온 정기예금,연 3.84%,연 4.06%,스마트폰 모바일 앱 가입,개인 및 개인사업자 누구나 가입 가능,"이 금융 상품은 SC제일은행에서 운영 중인 '유니온 정기예금' 정기예금입니다. 기본적으로 보장되는 공시 금리는 현재 연 3.84%이며, 가입 이후 해당 금융사 첫 거래 신규 고객 우대 연 0.2% 포함 조건을 성립시키면 최고 연 4.06%까지 금리가 상승합니다. 영업점 방문 창구 대기 필요 없이 스마트폰 모바일 앱이나 다이렉트 웹 페이지를 통해 비대면으로 즉시 개설할 수 있으며, 가입 대상은 개인 고객 및 사업자 소상공인까지 제한 조건 없이 누구나 참여 가능한 안전 고정금리 상품입니다.",https://naver.com_0074
4,부산은행,유니온 정기예금,연 3.37%,연 3.72%,스마트폰 모바일 앱 가입,개인 및 개인사업자 누구나 가입 가능,"이 금융 상품은 부산은행에서 운영 중인 '유니온 정기예금' 정기예금입니다. 기본적으로 보장되는 공시 금리는 현재 연 3.37%이며, 가입 이후 해당 기관 체크카드 발급 후 실적 충족 시 우대 이율 연 0.3% 즉시 반영 조건을 성립시키면 최고 연 3.72%까지 금리가 상승합니다. 영업점 방문 창구 대기 필요 없이 스마트폰 모바일 앱이나 다이렉트 웹 페이지를 통해 비대면으로 즉시 개설할 수 있으며, 가입 대상은 개인 고객 및 사업자 소상공인까지 제한 조건 없이 누구나 참여 가능한 안전 고정금리 상품입니다.",https://naver.com_0075
4,iM뱅크(대구은행),스타트 정기예탁금,연 3.63%,연 3.89%,스마트폰 모바일 앱 가입,개인 및 개인사업자 누구나 가입 가능,"이 금융 상품은 iM뱅크(대구은행)에서 운영 중인 '스타트 정기예탁금' 정기예금입니다. 기본적으로 보장되는 공시 금리는 현재 연 3.63%이며, 가입 이후 해당 금융사 첫 거래 신규 고객 우대 연 0.2% 포함 조건을 성립시키면 최고 연 3.89%까지 금리가 상승합니다. 영업점 방문 창구 대기 필요 없이 스마트폰 모바일 앱이나 다이렉트 웹 페이지를 통해 비대면으로 즉시 개설할 수 있으며, 가입 대상은 개인 고객 및 사업자 소상공인까지 제한 조건 없이 누구나 참여 가능한 안전 고정금리 상품입니다.",https://naver.com_0076
4,광주은행,e-그린세이브 예금,연 3.85%,연 4.27%,스마트폰 모바일 앱 가입,개인 및 개인사업자 누구나 가입 가능,"이 금융 상품은 광주은행에서 운영 중인 'e-그린세이브 예금' 정기예금입니다. 기본적으로 보장되는 공시 금리는 현재 연 3.85%이며, 가입 이후 공동구매 형식으로 일정 기간 내 특정 모집 금액대 달성 시 추가 이율 제공 조건을 성립시키면 최고 연 4.27%까지 금리가 상승합니다. 영업점 방문 창구 대기 필요 없이 스마트폰 모바일 앱이나 다이렉트 웹 페이지를 통해 비대면으로 즉시 개설할 수 있으며, 가입 대상은 개인 고객 및 사업자 소상공인까지 제한 조건 없이 누구나 참여 가능한 안전 고정금리 상품입니다.",https://naver.com_0077
4,제주은행,행복 패밀리 예금,연 3.41%,연 3.69%,스마트폰 모바일 앱 가입,개인 및 개인사업자 누구나 가입 가능,"이 금융 상품은 제주은행에서 운영 중인 '행복 패밀리 예금' 정기예금입니다. 기본적으로 보장되는 공시 금리는 현재 연 3.41%이며, 가입 이후 자동이체 연결 실적 1건 이상 충족 및 제휴 서비스 연동 시 우대 금리 적용 조건을 성립시키면 최고 연 3.69%까지 금리가 상승합니다. 영업점 방문 창구 대기 필요 없이 스마트폰 모바일 앱이나 다이렉트 웹 페이지를 통해 비대면으로 즉시 개설할 수 있으며, 가입 대상은 개인 고객 및 사업자 소상공인까지 제한 조건 없이 누구나 참여 가능한 안전 고정금리 상품입니다.",https://naver.com_0078
4,경남은행,꿈꾸는 목돈 정기예금,연 3.75%,연 3.94%,스마트폰 모바일 앱 가입,개인 및 개인사업자 누구나 가입 가능,"이 금융 상품은 경남은행에서 운영 중인 '꿈꾸는 목돈 정기예금' 정기예금입니다. 기본적으로 보장되는 공시 금리는 현재 연 3.75%이며, 가입 이후 모바일 앱 푸시 알림 동의 및 종이 통장 미발행 환경 보호 참여 시 우대 이율 추가 조건을 성립시키면 최고 연 3.94%까지 금리가 상승합니다. 영업점 방문 창구 대기 필요 없이 스마트폰 모바일 앱이나 다이렉트 웹 페이지를 통해 비대면으로 즉시 개설할 수 있으며, 가입 대상은 개인 고객 및 사업자 소상공인까지 제한 조건 없이 누구나 참여 가능한 안전 고정금리 상품입니다.",https://naver.com_0079
5,전북은행,MZ세대 우대형 예금,연 3.54%,연 3.81%,스마트폰 모바일 앱 가입,개인 및 개인사업자 누구나 가입 가능,"이 금융 상품은 전북은행에서 운영 중인 'MZ세대 우대형 예금' 정기예금입니다. 기본적으로 보장되는 공시 금리는 현재 연 3.54%이며, 가입 이후 급여 이체 실적 및 신용카드 3개월 이용 결제 실적 충족 시 최고 금리 적용 조건을 성립시키면 최고 연 3.81%까지 금리가 상승합니다. 영업점 방문 창구 대기 필요 없이 스마트폰 모바일 앱이나 다이렉트 웹 페이지를 통해 비대면으로 즉시 개설할 수 있으며, 가입 대상은 개인 고객 및 사업자 소상공인까지 제한 조건 없이 누구나 참여 가능한 안전 고정금리 상품입니다.",https://naver.com_0080
5,KDB산업은행,하나의 정기예금,연 3.5%,연 3.81%,스마트폰 모바일 앱 가입,개인 및 개인사업자 누구나 가입 가능,"이 금융 상품은 KDB산업은행에서 운영 중인 '하나의 정기예금' 정기예금입니다. 기본적으로 보장되는 공시 금리는 현재 연 3.5%이며, 가입 이후 공동구매 형식으로 일정 기간 내 특정 모집 금액대 달성 시 추가 이율 제공 조건을 성립시키면 최고 연 3.81%까지 금리가 상승합니다. 영업점 방문 창구 대기 필요 없이 스마트폰 모바일 앱이나 다이렉트 웹 페이지를 통해 비대면으로 즉시 개설할 수 있으며, 가입 대상은 개인 고객 및 사업자 소상공인까지 제한 조건 없이 누구나 참여 가능한 안전 고정금리 상품입니다.",https://naver.com_0081
5,웰컴저축은행,유니온 정기예금,연 3.89%,연 4.27%,스마트폰 모바일 앱 가입,개인 및 개인사업자 누구나 가입 가능,"이 금융 상품은 웰컴저축은행에서 운영 중인 '유니온 정기예금' 정기예금입니다. 기본적으로 보장되는 공시 금리는 현재 연 3.89%이며, 가입 이후 해당 금융사 첫 거래 신규 고객 우대 연 0.2% 포함 조건을 성립시키면 최고 연 4.27%까지 금리가 상승합니다. 영업점 방문 창구 대기 필요 없이 스마트폰 모바일 앱이나 다이렉트 웹 페이지를 통해 비대면으로 즉시 개설할 수 있으며, 가입 대상은 개인 고객 및 사업자 소상공인까지 제한 조건 없이 누구나 참여 가능한 안전 고정금리 상품입니다.",https://naver.com_0082
5,SBI저축은행,직장인 목돈 굴리기,연 3.58%,연 3.92%,스마트폰 모바일 앱 가입,개인 및 개인사업자 누구나 가입 가능,"이 금융 상품은 SBI저축은행에서 운영 중인 '직장인 목돈 굴리기' 정기예금입니다. 기본적으로 보장되는 공시 금리는 현재 연 3.58%이며, 가입 이후 자동이체 연결 실적 1건 이상 충족 및 제휴 서비스 연동 시 우대 금리 적용 조건을 성립시키면 최고 연 3.92%까지 금리가 상승합니다. 영업점 방문 창구 대기 필요 없이 스마트폰 모바일 앱이나 다이렉트 웹 페이지를 통해 비대면으로 즉시 개설할 수 있으며, 가입 대상은 개인 고객 및 사업자 소상공인까지 제한 조건 없이 누구나 참여 가능한 안전 고정금리 상품입니다.",https://naver.com_0083
5,OK저축은행,복리식 정기예금,연 3.57%,연 3.88%,스마트폰 모바일 앱 가입,개인 및 개인사업자 누구나 가입 가능,"이 금융 상품은 OK저축은행에서 운영 중인 '복리식 정기예금' 정기예금입니다. 기본적으로 보장되는 공시 금리는 현재 연 3.57%이며, 가입 이후 모바일 앱 푸시 알림 동의 및 종이 통장 미발행 환경 보호 참여 시 우대 이율 추가 조건을 성립시키면 최고 연 3.88%까지 금리가 상승합니다. 영업점 방문 창구 대기 필요 없이 스마트폰 모바일 앱이나 다이렉트 웹 페이지를 통해 비대면으로 즉시 개설할 수 있으며, 가입 대상은 개인 고객 및 사업자 소상공인까지 제한 조건 없이 누구나 참여 가능한 안전 고정금리 상품입니다.",https://naver.com_0084
5,페퍼저축은행,코드하나 정기예탁금,연 3.82%,연 4.23%,스마트폰 모바일 앱 가입,개인 및 개인사업자 누구나 가입 가능,"이 금융 상품은 페퍼저축은행에서 운영 중인 '코드하나 정기예탁금' 정기예금입니다. 기본적으로 보장되는 공시 금리는 현재 연 3.82%이며, 가입 이후 해당 금융사 첫 거래 신규 고객 우대 연 0.2% 포함 조건을 성립시키면 최고 연 4.23%까지 금리가 상승합니다. 영업점 방문 창구 대기 필요 없이 스마트폰 모바일 앱이나 다이렉트 웹 페이지를 통해 비대면으로 즉시 개설할 수 있으며, 가입 대상은 개인 고객 및 사업자 소상공인까지 제한 조건 없이 누구나 참여 가능한 안전 고정금리 상품입니다.",https://naver.com_0085
5,한국투자저축은행,하나의 정기예금,연 3.7%,연 4.01%,스마트폰 모바일 앱 가입,개인 및 개인사업자 누구나 가입 가능,"이 금융 상품은 한국투자저축은행에서 운영 중인 '하나의 정기예금' 정기예금입니다. 기본적으로 보장되는 공시 금리는 현재 연 3.7%이며, 가입 이후 해당 금융사 첫 거래 신규 고객 우대 연 0.2% 포함 조건을 성립시키면 최고 연 4.01%까지 금리가 상승합니다. 영업점 방문 창구 대기 필요 없이 스마트폰 모바일 앱이나 다이렉트 웹 페이지를 통해 비대면으로 즉시 개설할 수 있으며, 가입 대상은 개인 고객 및 사업자 소상공인까지 제한 조건 없이 누구나 참여 가능한 안전 고정금리 상품입니다.",https://naver.com_0086
5,다올저축은행,e-그린세이브 예금,연 3.56%,연 3.96%,스마트폰 모바일 앱 가입,개인 및 개인사업자 누구나 가입 가능,"이 금융 상품은 다올저축은행에서 운영 중인 'e-그린세이브 예금' 정기예금입니다. 기본적으로 보장되는 공시 금리는 현재 연 3.56%이며, 가입 이후 모바일 앱 푸시 알림 동의 및 종이 통장 미발행 환경 보호 참여 시 우대 이율 추가 조건을 성립시키면 최고 연 3.96%까지 금리가 상승합니다. 영업점 방문 창구 대기 필요 없이 스마트폰 모바일 앱이나 다이렉트 웹 페이지를 통해 비대면으로 즉시 개설할 수 있으며, 가입 대상은 개인 고객 및 사업자 소상공인까지 제한 조건 없이 누구나 참여 가능한 안전 고정금리 상품입니다.",https://naver.com_0087
5,신한저축은행,ESG 사회공헌 예금,연 3.89%,연 4.27%,스마트폰 모바일 앱 가입,개인 및 개인사업자 누구나 가입 가능,"이 금융 상품은 신한저축은행에서 운영 중인 'ESG 사회공헌 예금' 정기예금입니다. 기본적으로 보장되는 공시 금리는 현재 연 3.89%이며, 가입 이후 해당 기관 체크카드 발급 후 실적 충족 시 우대 이율 연 0.3% 즉시 반영 조건을 성립시키면 최고 연 4.27%까지 금리가 상승합니다. 영업점 방문 창구 대기 필요 없이 스마트폰 모바일 앱이나 다이렉트 웹 페이지를 통해 비대면으로 즉시 개설할 수 있으며, 가입 대상은 개인 고객 및 사업자 소상공인까지 제한 조건 없이 누구나 참여 가능한 안전 고정금리 상품입니다.",https://naver.com_0088
5,하나저축은행,e-그린세이브 예금,연 3.87%,연 4.03%,스마트폰 모바일 앱 가입,개인 및 개인사업자 누구나 가입 가능,"이 금융 상품은 하나저축은행에서 운영 중인 'e-그린세이브 예금' 정기예금입니다. 기본적으로 보장되는 공시 금리는 현재 연 3.87%이며, 가입 이후 해당 금융사 첫 거래 신규 고객 우대 연 0.2% 포함 조건을 성립시키면 최고 연 4.03%까지 금리가 상승합니다. 영업점 방문 창구 대기 필요 없이 스마트폰 모바일 앱이나 다이렉트 웹 페이지를 통해 비대면으로 즉시 개설할 수 있으며, 가입 대상은 개인 고객 및 사업자 소상공인까지 제한 조건 없이 누구나 참여 가능한 안전 고정금리 상품입니다.",https://naver.com_0089
5,KB저축은행,기업상생 파트너 예금,연 3.45%,연 3.83%,스마트폰 모바일 앱 가입,개인 및 개인사업자 누구나 가입 가능,"이 금융 상품은 KB저축은행에서 운영 중인 '기업상생 파트너 예금' 정기예금입니다. 기본적으로 보장되는 공시 금리는 현재 연 3.45%이며, 가입 이후 해당 기관 체크카드 발급 후 실적 충족 시 우대 이율 연 0.3% 즉시 반영 조건을 성립시키면 최고 연 3.83%까지 금리가 상승합니다. 영업점 방문 창구 대기 필요 없이 스마트폰 모바일 앱이나 다이렉트 웹 페이지를 통해 비대면으로 즉시 개설할 수 있으며, 가입 대상은 개인 고객 및 사업자 소상공인까지 제한 조건 없이 누구나 참여 가능한 안전 고정금리 상품입니다.",https://naver.com_0090
5,모아저축은행,유니온 정기예금,연 3.64%,연 3.91%,스마트폰 모바일 앱 가입,개인 및 개인사업자 누구나 가입 가능,"이 금융 상품은 모아저축은행에서 운영 중인 '유니온 정기예금' 정기예금입니다. 기본적으로 보장되는 공시 금리는 현재 연 3.64%이며, 가입 이후 자동이체 연결 실적 1건 이상 충족 및 제휴 서비스 연동 시 우대 금리 적용 조건을 성립시키면 최고 연 3.91%까지 금리가 상승합니다. 영업점 방문 창구 대기 필요 없이 스마트폰 모바일 앱이나 다이렉트 웹 페이지를 통해 비대면으로 즉시 개설할 수 있으며, 가입 대상은 개인 고객 및 사업자 소상공인까지 제한 조건 없이 누구나 참여 가능한 안전 고정금리 상품입니다.",https://naver.com_0091
5,동대문신협,비대면 모바일 정기예금,연 3.78%,연 4.22%,스마트폰 모바일 앱 가입,개인 및 개인사업자 누구나 가입 가능,"이 금융 상품은 동대문신협에서 운영 중인 '비대면 모바일 정기예금' 정기예금입니다. 기본적으로 보장되는 공시 금리는 현재 연 3.78%이며, 가입 이후 자동이체 연결 실적 1건 이상 충족 및 제휴 서비스 연동 시 우대 금리 적용 조건을 성립시키면 최고 연 4.22%까지 금리가 상승합니다. 영업점 방문 창구 대기 필요 없이 스마트폰 모바일 앱이나 다이렉트 웹 페이지를 통해 비대면으로 즉시 개설할 수 있으며, 가입 대상은 개인 고객 및 사업자 소상공인까지 제한 조건 없이 누구나 참여 가능한 안전 고정금리 상품입니다.",https://naver.com_0092
5,부산원광신협,시니어 연금형 예금,연 3.77%,연 3.92%,스마트폰 모바일 앱 가입,개인 및 개인사업자 누구나 가입 가능,"이 금융 상품은 부산원광신협에서 운영 중인 '시니어 연금형 예금' 정기예금입니다. 기본적으로 보장되는 공시 금리는 현재 연 3.77%이며, 가입 이후 공동구매 형식으로 일정 기간 내 특정 모집 금액대 달성 시 추가 이율 제공 조건을 성립시키면 최고 연 3.92%까지 금리가 상승합니다. 영업점 방문 창구 대기 필요 없이 스마트폰 모바일 앱이나 다이렉트 웹 페이지를 통해 비대면으로 즉시 개설할 수 있으며, 가입 대상은 개인 고객 및 사업자 소상공인까지 제한 조건 없이 누구나 참여 가능한 안전 고정금리 상품입니다.",https://naver.com_0093
5,대구대서신협,기업상생 파트너 예금,연 3.84%,연 4.25%,스마트폰 모바일 앱 가입,개인 및 개인사업자 누구나 가입 가능,"이 금융 상품은 대구대서신협에서 운영 중인 '기업상생 파트너 예금' 정기예금입니다. 기본적으로 보장되는 공시 금리는 현재 연 3.84%이며, 가입 이후 모바일 앱 푸시 알림 동의 및 종이 통장 미발행 환경 보호 참여 시 우대 이율 추가 조건을 성립시키면 최고 연 4.25%까지 금리가 상승합니다. 영업점 방문 창구 대기 필요 없이 스마트폰 모바일 앱이나 다이렉트 웹 페이지를 통해 비대면으로 즉시 개설할 수 있으며, 가입 대상은 개인 고객 및 사업자 소상공인까지 제한 조건 없이 누구나 참여 가능한 안전 고정금리 상품입니다.",https://naver.com_0094
5,충절로신협,플러스 박스 예금,연 3.56%,연 3.8%,스마트폰 모바일 앱 가입,개인 및 개인사업자 누구나 가입 가능,"이 금융 상품은 충절로신협에서 운영 중인 '플러스 박스 예금' 정기예금입니다. 기본적으로 보장되는 공시 금리는 현재 연 3.56%이며, 가입 이후 스마트폰 마케팅 활용 전제 동의 및 오픈뱅킹 계좌 등록 완료 시 연 0.15% 가산 조건을 성립시키면 최고 연 3.8%까지 금리가 상승합니다. 영업점 방문 창구 대기 필요 없이 스마트폰 모바일 앱이나 다이렉트 웹 페이지를 통해 비대면으로 즉시 개설할 수 있으며, 가입 대상은 개인 고객 및 사업자 소상공인까지 제한 조건 없이 누구나 참여 가능한 안전 고정금리 상품입니다.",https://naver.com_0095
5,SH수협은행,머니박스 파킹 정기예금,연 3.3%,연 3.51%,스마트폰 모바일 앱 가입,개인 및 개인사업자 누구나 가입 가능,"이 금융 상품은 SH수협은행에서 운영 중인 '머니박스 파킹 정기예금' 정기예금입니다. 기본적으로 보장되는 공시 금리는 현재 연 3.3%이며, 가입 이후 자동이체 연결 실적 1건 이상 충족 및 제휴 서비스 연동 시 우대 금리 적용 조건을 성립시키면 최고 연 3.51%까지 금리가 상승합니다. 영업점 방문 창구 대기 필요 없이 스마트폰 모바일 앱이나 다이렉트 웹 페이지를 통해 비대면으로 즉시 개설할 수 있으며, 가입 대상은 개인 고객 및 사업자 소상공인까지 제한 조건 없이 누구나 참여 가능한 안전 고정금리 상품입니다.",https://naver.com_0096
5,KB국민은행,ESG 사회공헌 예금,연 3.85%,연 4.11%,스마트폰 모바일 앱 가입,개인 및 개인사업자 누구나 가입 가능,"이 금융 상품은 KB국민은행에서 운영 중인 'ESG 사회공헌 예금' 정기예금입니다. 기본적으로 보장되는 공시 금리는 현재 연 3.85%이며, 가입 이후 인터넷/모바일 스마트 패스 뱅킹을 통한 비대면 신규 가입 시 우대 금리 제공 조건을 성립시키면 최고 연 4.11%까지 금리가 상승합니다. 영업점 방문 창구 대기 필요 없이 스마트폰 모바일 앱이나 다이렉트 웹 페이지를 통해 비대면으로 즉시 개설할 수 있으며, 가입 대상은 개인 고객 및 사업자 소상공인까지 제한 조건 없이 누구나 참여 가능한 안전 고정금리 상품입니다.",https://naver.com_0097
5,신한은행,고금리 특판 예탁금,연 3.58%,연 3.84%,스마트폰 모바일 앱 가입,개인 및 개인사업자 누구나 가입 가능,"이 금융 상품은 신한은행에서 운영 중인 '고금리 특판 예탁금' 정기예금입니다. 기본적으로 보장되는 공시 금리는 현재 연 3.58%이며, 가입 이후 모바일 앱 푸시 알림 동의 및 종이 통장 미발행 환경 보호 참여 시 우대 이율 추가 조건을 성립시키면 최고 연 3.84%까지 금리가 상승합니다. 영업점 방문 창구 대기 필요 없이 스마트폰 모바일 앱이나 다이렉트 웹 페이지를 통해 비대면으로 즉시 개설할 수 있으며, 가입 대상은 개인 고객 및 사업자 소상공인까지 제한 조건 없이 누구나 참여 가능한 안전 고정금리 상품입니다.",https://naver.com_0098
5,하나은행,한도제한 없는 예금,연 3.36%,연 3.8%,스마트폰 모바일 앱 가입,개인 및 개인사업자 누구나 가입 가능,"이 금융 상품은 하나은행에서 운영 중인 '한도제한 없는 예금' 정기예금입니다. 기본적으로 보장되는 공시 금리는 현재 연 3.36%이며, 가입 이후 공동구매 형식으로 일정 기간 내 특정 모집 금액대 달성 시 추가 이율 제공 조건을 성립시키면 최고 연 3.8%까지 금리가 상승합니다. 영업점 방문 창구 대기 필요 없이 스마트폰 모바일 앱이나 다이렉트 웹 페이지를 통해 비대면으로 즉시 개설할 수 있으며, 가입 대상은 개인 고객 및 사업자 소상공인까지 제한 조건 없이 누구나 참여 가능한 안전 고정금리 상품입니다.",https://naver.com_0099
6,우리은행,행복 패밀리 예금,연 3.48%,연 3.77%,스마트폰 모바일 앱 가입,개인 및 개인사업자 누구나 가입 가능,"이 금융 상품은 우리은행에서 운영 중인 '행복 패밀리 예금' 정기예금입니다. 기본적으로 보장되는 공시 금리는 현재 연 3.48%이며, 가입 이후 자동이체 연결 실적 1건 이상 충족 및 제휴 서비스 연동 시 우대 금리 적용 조건을 성립시키면 최고 연 3.77%까지 금리가 상승합니다. 영업점 방문 창구 대기 필요 없이 스마트폰 모바일 앱이나 다이렉트 웹 페이지를 통해 비대면으로 즉시 개설할 수 있으며, 가입 대상은 개인 고객 및 사업자 소상공인까지 제한 조건 없이 누구나 참여 가능한 안전 고정금리 상품입니다.",https://naver.com_0100
6,NH농협은행,내집마련 정기예금,연 3.45%,연 3.81%,스마트폰 모바일 앱 가입,개인 및 개인사업자 누구나 가입 가능,"이 금융 상품은 NH농협은행에서 운영 중인 '내집마련 정기예금' 정기예금입니다. 기본적으로 보장되는 공시 금리는 현재 연 3.45%이며, 가입 이후 자동이체 연결 실적 1건 이상 충족 및 제휴 서비스 연동 시 우대 금리 적용 조건을 성립시키면 최고 연 3.81%까지 금리가 상승합니다. 영업점 방문 창구 대기 필요 없이 스마트폰 모바일 앱이나 다이렉트 웹 페이지를 통해 비대면으로 즉시 개설할 수 있으며, 가입 대상은 개인 고객 및 사업자 소상공인까지 제한 조건 없이 누구나 참여 가능한 안전 고정금리 상품입니다.",https://naver.com_0101
6,IBK기업은행,MZ세대 우대형 예금,연 3.43%,연 3.59%,스마트폰 모바일 앱 가입,개인 및 개인사업자 누구나 가입 가능,"이 금융 상품은 IBK기업은행에서 운영 중인 'MZ세대 우대형 예금' 정기예금입니다. 기본적으로 보장되는 공시 금리는 현재 연 3.43%이며, 가입 이후 자동이체 연결 실적 1건 이상 충족 및 제휴 서비스 연동 시 우대 금리 적용 조건을 성립시키면 최고 연 3.59%까지 금리가 상승합니다. 영업점 방문 창구 대기 필요 없이 스마트폰 모바일 앱이나 다이렉트 웹 페이지를 통해 비대면으로 즉시 개설할 수 있으며, 가입 대상은 개인 고객 및 사업자 소상공인까지 제한 조건 없이 누구나 참여 가능한 안전 고정금리 상품입니다.",https://naver.com_0102
6,카카오뱅크,머니박스 파킹 정기예금,연 3.44%,연 3.74%,스마트폰 모바일 앱 가입,개인 및 개인사업자 누구나 가입 가능,"이 금융 상품은 카카오뱅크에서 운영 중인 '머니박스 파킹 정기예금' 정기예금입니다. 기본적으로 보장되는 공시 금리는 현재 연 3.44%이며, 가입 이후 급여 이체 실적 및 신용카드 3개월 이용 결제 실적 충족 시 최고 금리 적용 조건을 성립시키면 최고 연 3.74%까지 금리가 상승합니다. 영업점 방문 창구 대기 필요 없이 스마트폰 모바일 앱이나 다이렉트 웹 페이지를 통해 비대면으로 즉시 개설할 수 있으며, 가입 대상은 개인 고객 및 사업자 소상공인까지 제한 조건 없이 누구나 참여 가능한 안전 고정금리 상품입니다.",https://naver.com_0103
6,토스뱅크,쏠편한 정기예금,연 3.89%,연 4.26%,스마트폰 모바일 앱 가입,개인 및 개인사업자 누구나 가입 가능,"이 금융 상품은 토스뱅크에서 운영 중인 '쏠편한 정기예금' 정기예금입니다. 기본적으로 보장되는 공시 금리는 현재 연 3.89%이며, 가입 이후 해당 기관 체크카드 발급 후 실적 충족 시 우대 이율 연 0.3% 즉시 반영 조건을 성립시키면 최고 연 4.26%까지 금리가 상승합니다. 영업점 방문 창구 대기 필요 없이 스마트폰 모바일 앱이나 다이렉트 웹 페이지를 통해 비대면으로 즉시 개설할 수 있으며, 가입 대상은 개인 고객 및 사업자 소상공인까지 제한 조건 없이 누구나 참여 가능한 안전 고정금리 상품입니다.",https://naver.com_0104
6,케이뱅크,유니온 정기예금,연 3.66%,연 4.07%,스마트폰 모바일 앱 가입,개인 및 개인사업자 누구나 가입 가능,"이 금융 상품은 케이뱅크에서 운영 중인 '유니온 정기예금' 정기예금입니다. 기본적으로 보장되는 공시 금리는 현재 연 3.66%이며, 가입 이후 자동이체 연결 실적 1건 이상 충족 및 제휴 서비스 연동 시 우대 금리 적용 조건을 성립시키면 최고 연 4.07%까지 금리가 상승합니다. 영업점 방문 창구 대기 필요 없이 스마트폰 모바일 앱이나 다이렉트 웹 페이지를 통해 비대면으로 즉시 개설할 수 있으며, 가입 대상은 개인 고객 및 사업자 소상공인까지 제한 조건 없이 누구나 참여 가능한 안전 고정금리 상품입니다.",https://naver.com_0105
6,SC제일은행,더블업 우대예금,연 3.85%,연 4.29%,스마트폰 모바일 앱 가입,개인 및 개인사업자 누구나 가입 가능,"이 금융 상품은 SC제일은행에서 운영 중인 '더블업 우대예금' 정기예금입니다. 기본적으로 보장되는 공시 금리는 현재 연 3.85%이며, 가입 이후 모바일 앱 푸시 알림 동의 및 종이 통장 미발행 환경 보호 참여 시 우대 이율 추가 조건을 성립시키면 최고 연 4.29%까지 금리가 상승합니다. 영업점 방문 창구 대기 필요 없이 스마트폰 모바일 앱이나 다이렉트 웹 페이지를 통해 비대면으로 즉시 개설할 수 있으며, 가입 대상은 개인 고객 및 사업자 소상공인까지 제한 조건 없이 누구나 참여 가능한 안전 고정금리 상품입니다.",https://naver.com_0106
6,부산은행,직장인 목돈 굴리기,연 3.3%,연 3.7%,스마트폰 모바일 앱 가입,개인 및 개인사업자 누구나 가입 가능,"이 금융 상품은 부산은행에서 운영 중인 '직장인 목돈 굴리기' 정기예금입니다. 기본적으로 보장되는 공시 금리는 현재 연 3.3%이며, 가입 이후 모바일 앱 푸시 알림 동의 및 종이 통장 미발행 환경 보호 참여 시 우대 이율 추가 조건을 성립시키면 최고 연 3.7%까지 금리가 상승합니다. 영업점 방문 창구 대기 필요 없이 스마트폰 모바일 앱이나 다이렉트 웹 페이지를 통해 비대면으로 즉시 개설할 수 있으며, 가입 대상은 개인 고객 및 사업자 소상공인까지 제한 조건 없이 누구나 참여 가능한 안전 고정금리 상품입니다.",https://naver.com_0107
6,iM뱅크(대구은행),고금리 특판 예탁금,연 3.67%,연 3.89%,스마트폰 모바일 앱 가입,개인 및 개인사업자 누구나 가입 가능,"이 금융 상품은 iM뱅크(대구은행)에서 운영 중인 '고금리 특판 예탁금' 정기예금입니다. 기본적으로 보장되는 공시 금리는 현재 연 3.67%이며, 가입 이후 해당 금융사 첫 거래 신규 고객 우대 연 0.2% 포함 조건을 성립시키면 최고 연 3.89%까지 금리가 상승합니다. 영업점 방문 창구 대기 필요 없이 스마트폰 모바일 앱이나 다이렉트 웹 페이지를 통해 비대면으로 즉시 개설할 수 있으며, 가입 대상은 개인 고객 및 사업자 소상공인까지 제한 조건 없이 누구나 참여 가능한 안전 고정금리 상품입니다.",https://naver.com_0108
6,광주은행,복리식 정기예금,연 3.41%,연 3.85%,스마트폰 모바일 앱 가입,개인 및 개인사업자 누구나 가입 가능,"이 금융 상품은 광주은행에서 운영 중인 '복리식 정기예금' 정기예금입니다. 기본적으로 보장되는 공시 금리는 현재 연 3.41%이며, 가입 이후 모바일 앱 푸시 알림 동의 및 종이 통장 미발행 환경 보호 참여 시 우대 이율 추가 조건을 성립시키면 최고 연 3.85%까지 금리가 상승합니다. 영업점 방문 창구 대기 필요 없이 스마트폰 모바일 앱이나 다이렉트 웹 페이지를 통해 비대면으로 즉시 개설할 수 있으며, 가입 대상은 개인 고객 및 사업자 소상공인까지 제한 조건 없이 누구나 참여 가능한 안전 고정금리 상품입니다.",https://naver.com_0109
6,제주은행,비대면 모바일 정기예금,연 3.77%,연 3.93%,스마트폰 모바일 앱 가입,개인 및 개인사업자 누구나 가입 가능,"이 금융 상품은 제주은행에서 운영 중인 '비대면 모바일 정기예금' 정기예금입니다. 기본적으로 보장되는 공시 금리는 현재 연 3.77%이며, 가입 이후 자동이체 연결 실적 1건 이상 충족 및 제휴 서비스 연동 시 우대 금리 적용 조건을 성립시키면 최고 연 3.93%까지 금리가 상승합니다. 영업점 방문 창구 대기 필요 없이 스마트폰 모바일 앱이나 다이렉트 웹 페이지를 통해 비대면으로 즉시 개설할 수 있으며, 가입 대상은 개인 고객 및 사업자 소상공인까지 제한 조건 없이 누구나 참여 가능한 안전 고정금리 상품입니다.",https://naver.com_0110
6,경남은행,하나의 정기예금,연 3.54%,연 3.84%,스마트폰 모바일 앱 가입,개인 및 개인사업자 누구나 가입 가능,"이 금융 상품은 경남은행에서 운영 중인 '하나의 정기예금' 정기예금입니다. 기본적으로 보장되는 공시 금리는 현재 연 3.54%이며, 가입 이후 해당 금융사 첫 거래 신규 고객 우대 연 0.2% 포함 조건을 성립시키면 최고 연 3.84%까지 금리가 상승합니다. 영업점 방문 창구 대기 필요 없이 스마트폰 모바일 앱이나 다이렉트 웹 페이지를 통해 비대면으로 즉시 개설할 수 있으며, 가입 대상은 개인 고객 및 사업자 소상공인까지 제한 조건 없이 누구나 참여 가능한 안전 고정금리 상품입니다.",https://naver.com_0111
6,전북은행,직장인 목돈 굴리기,연 3.52%,연 3.92%,스마트폰 모바일 앱 가입,개인 및 개인사업자 누구나 가입 가능,"이 금융 상품은 전북은행에서 운영 중인 '직장인 목돈 굴리기' 정기예금입니다. 기본적으로 보장되는 공시 금리는 현재 연 3.52%이며, 가입 이후 해당 기관 체크카드 발급 후 실적 충족 시 우대 이율 연 0.3% 즉시 반영 조건을 성립시키면 최고 연 3.92%까지 금리가 상승합니다. 영업점 방문 창구 대기 필요 없이 스마트폰 모바일 앱이나 다이렉트 웹 페이지를 통해 비대면으로 즉시 개설할 수 있으며, 가입 대상은 개인 고객 및 사업자 소상공인까지 제한 조건 없이 누구나 참여 가능한 안전 고정금리 상품입니다.",https://naver.com_0112
6,KDB산업은행,ESG 사회공헌 예금,연 3.65%,연 3.92%,스마트폰 모바일 앱 가입,개인 및 개인사업자 누구나 가입 가능,"이 금융 상품은 KDB산업은행에서 운영 중인 'ESG 사회공헌 예금' 정기예금입니다. 기본적으로 보장되는 공시 금리는 현재 연 3.65%이며, 가입 이후 스마트폰 마케팅 활용 전제 동의 및 오픈뱅킹 계좌 등록 완료 시 연 0.15% 가산 조건을 성립시키면 최고 연 3.92%까지 금리가 상승합니다. 영업점 방문 창구 대기 필요 없이 스마트폰 모바일 앱이나 다이렉트 웹 페이지를 통해 비대면으로 즉시 개설할 수 있으며, 가입 대상은 개인 고객 및 사업자 소상공인까지 제한 조건 없이 누구나 참여 가능한 안전 고정금리 상품입니다.",https://naver.com_0113
6,웰컴저축은행,비대면 모바일 정기예금,연 3.81%,연 4.03%,스마트폰 모바일 앱 가입,개인 및 개인사업자 누구나 가입 가능,"이 금융 상품은 웰컴저축은행에서 운영 중인 '비대면 모바일 정기예금' 정기예금입니다. 기본적으로 보장되는 공시 금리는 현재 연 3.81%이며, 가입 이후 해당 금융사 첫 거래 신규 고객 우대 연 0.2% 포함 조건을 성립시키면 최고 연 4.03%까지 금리가 상승합니다. 영업점 방문 창구 대기 필요 없이 스마트폰 모바일 앱이나 다이렉트 웹 페이지를 통해 비대면으로 즉시 개설할 수 있으며, 가입 대상은 개인 고객 및 사업자 소상공인까지 제한 조건 없이 누구나 참여 가능한 안전 고정금리 상품입니다.",https://naver.com_0114
6,SBI저축은행,ESG 사회공헌 예금,연 3.4%,연 3.78%,스마트폰 모바일 앱 가입,개인 및 개인사업자 누구나 가입 가능,"이 금융 상품은 SBI저축은행에서 운영 중인 'ESG 사회공헌 예금' 정기예금입니다. 기본적으로 보장되는 공시 금리는 현재 연 3.4%이며, 가입 이후 해당 금융사 첫 거래 신규 고객 우대 연 0.2% 포함 조건을 성립시키면 최고 연 3.78%까지 금리가 상승합니다. 영업점 방문 창구 대기 필요 없이 스마트폰 모바일 앱이나 다이렉트 웹 페이지를 통해 비대면으로 즉시 개설할 수 있으며, 가입 대상은 개인 고객 및 사업자 소상공인까지 제한 조건 없이 누구나 참여 가능한 안전 고정금리 상품입니다.",https://naver.com_0115
6,페퍼저축은행,머니박스 파킹 정기예금,연 3.8%,연 4.08%,스마트폰 모바일 앱 가입,개인 및 개인사업자 누구나 가입 가능,"이 금융 상품은 페퍼저축은행에서 운영 중인 '머니박스 파킹 정기예금' 정기예금입니다. 기본적으로 보장되는 공시 금리는 현재 연 3.8%이며, 가입 이후 공동구매 형식으로 일정 기간 내 특정 모집 금액대 달성 시 추가 이율 제공 조건을 성립시키면 최고 연 4.08%까지 금리가 상승합니다. 영업점 방문 창구 대기 필요 없이 스마트폰 모바일 앱이나 다이렉트 웹 페이지를 통해 비대면으로 즉시 개설할 수 있으며, 가입 대상은 개인 고객 및 사업자 소상공인까지 제한 조건 없이 누구나 참여 가능한 안전 고정금리 상품입니다.",https://naver.com_0116
6,한국투자저축은행,코드하나 정기예탁금,연 3.37%,연 3.62%,스마트폰 모바일 앱 가입,개인 및 개인사업자 누구나 가입 가능,"이 금융 상품은 한국투자저축은행에서 운영 중인 '코드하나 정기예탁금' 정기예금입니다. 기본적으로 보장되는 공시 금리는 현재 연 3.37%이며, 가입 이후 해당 금융사 첫 거래 신규 고객 우대 연 0.2% 포함 조건을 성립시키면 최고 연 3.62%까지 금리가 상승합니다. 영업점 방문 창구 대기 필요 없이 스마트폰 모바일 앱이나 다이렉트 웹 페이지를 통해 비대면으로 즉시 개설할 수 있으며, 가입 대상은 개인 고객 및 사업자 소상공인까지 제한 조건 없이 누구나 참여 가능한 안전 고정금리 상품입니다.",https://naver.com_0117
6,다올저축은행,꿈꾸는 목돈 정기예금,연 3.62%,연 3.92%,스마트폰 모바일 앱 가입,개인 및 개인사업자 누구나 가입 가능,"이 금융 상품은 다올저축은행에서 운영 중인 '꿈꾸는 목돈 정기예금' 정기예금입니다. 기본적으로 보장되는 공시 금리는 현재 연 3.62%이며, 가입 이후 공동구매 형식으로 일정 기간 내 특정 모집 금액대 달성 시 추가 이율 제공 조건을 성립시키면 최고 연 3.92%까지 금리가 상승합니다. 영업점 방문 창구 대기 필요 없이 스마트폰 모바일 앱이나 다이렉트 웹 페이지를 통해 비대면으로 즉시 개설할 수 있으며, 가입 대상은 개인 고객 및 사업자 소상공인까지 제한 조건 없이 누구나 참여 가능한 안전 고정금리 상품입니다.",https://naver.com_0118
6,신한저축은행,플러스 박스 예금,연 3.74%,연 3.9%,스마트폰 모바일 앱 가입,개인 및 개인사업자 누구나 가입 가능,"이 금융 상품은 신한저축은행에서 운영 중인 '플러스 박스 예금' 정기예금입니다. 기본적으로 보장되는 공시 금리는 현재 연 3.74%이며, 가입 이후 자동이체 연결 실적 1건 이상 충족 및 제휴 서비스 연동 시 우대 금리 적용 조건을 성립시키면 최고 연 3.9%까지 금리가 상승합니다. 영업점 방문 창구 대기 필요 없이 스마트폰 모바일 앱이나 다이렉트 웹 페이지를 통해 비대면으로 즉시 개설할 수 있으며, 가입 대상은 개인 고객 및 사업자 소상공인까지 제한 조건 없이 누구나 참여 가능한 안전 고정금리 상품입니다.",https://naver.com_0119
7,하나저축은행,스타트 정기예탁금,연 3.34%,연 3.58%,스마트폰 모바일 앱 가입,개인 및 개인사업자 누구나 가입 가능,"이 금융 상품은 하나저축은행에서 운영 중인 '스타트 정기예탁금' 정기예금입니다. 기본적으로 보장되는 공시 금리는 현재 연 3.34%이며, 가입 이후 해당 금융사 첫 거래 신규 고객 우대 연 0.2% 포함 조건을 성립시키면 최고 연 3.58%까지 금리가 상승합니다. 영업점 방문 창구 대기 필요 없이 스마트폰 모바일 앱이나 다이렉트 웹 페이지를 통해 비대면으로 즉시 개설할 수 있으며, 가입 대상은 개인 고객 및 사업자 소상공인까지 제한 조건 없이 누구나 참여 가능한 안전 고정금리 상품입니다.",https://naver.com_0120
7,KB저축은행,MZ세대 우대형 예금,연 3.67%,연 3.92%,스마트폰 모바일 앱 가입,개인 및 개인사업자 누구나 가입 가능,"이 금융 상품은 KB저축은행에서 운영 중인 'MZ세대 우대형 예금' 정기예금입니다. 기본적으로 보장되는 공시 금리는 현재 연 3.67%이며, 가입 이후 모바일 앱 푸시 알림 동의 및 종이 통장 미발행 환경 보호 참여 시 우대 이율 추가 조건을 성립시키면 최고 연 3.92%까지 금리가 상승합니다. 영업점 방문 창구 대기 필요 없이 스마트폰 모바일 앱이나 다이렉트 웹 페이지를 통해 비대면으로 즉시 개설할 수 있으며, 가입 대상은 개인 고객 및 사업자 소상공인까지 제한 조건 없이 누구나 참여 가능한 안전 고정금리 상품입니다.",https://naver.com_0121
7,중앙신협,행복 패밀리 예금,연 3.87%,연 4.16%,스마트폰 모바일 앱 가입,개인 및 개인사업자 누구나 가입 가능,"이 금융 상품은 중앙신협에서 운영 중인 '행복 패밀리 예금' 정기예금입니다. 기본적으로 보장되는 공시 금리는 현재 연 3.87%이며, 가입 이후 급여 이체 실적 및 신용카드 3개월 이용 결제 실적 충족 시 최고 금리 적용 조건을 성립시키면 최고 연 4.16%까지 금리가 상승합니다. 영업점 방문 창구 대기 필요 없이 스마트폰 모바일 앱이나 다이렉트 웹 페이지를 통해 비대면으로 즉시 개설할 수 있으며, 가입 대상은 개인 고객 및 사업자 소상공인까지 제한 조건 없이 누구나 참여 가능한 안전 고정금리 상품입니다.",https://naver.com_0122
7,동대문신협,ESG 사회공헌 예금,연 3.71%,연 4.04%,스마트폰 모바일 앱 가입,개인 및 개인사업자 누구나 가입 가능,"이 금융 상품은 동대문신협에서 운영 중인 'ESG 사회공헌 예금' 정기예금입니다. 기본적으로 보장되는 공시 금리는 현재 연 3.71%이며, 가입 이후 인터넷/모바일 스마트 패스 뱅킹을 통한 비대면 신규 가입 시 우대 금리 제공 조건을 성립시키면 최고 연 4.04%까지 금리가 상승합니다. 영업점 방문 창구 대기 필요 없이 스마트폰 모바일 앱이나 다이렉트 웹 페이지를 통해 비대면으로 즉시 개설할 수 있으며, 가입 대상은 개인 고객 및 사업자 소상공인까지 제한 조건 없이 누구나 참여 가능한 안전 고정금리 상품입니다.",https://naver.com_0123
7,부산원광신협,e-그린세이브 예금,연 3.36%,연 3.6%,스마트폰 모바일 앱 가입,개인 및 개인사업자 누구나 가입 가능,"이 금융 상품은 부산원광신협에서 운영 중인 'e-그린세이브 예금' 정기예금입니다. 기본적으로 보장되는 공시 금리는 현재 연 3.36%이며, 가입 이후 공동구매 형식으로 일정 기간 내 특정 모집 금액대 달성 시 추가 이율 제공 조건을 성립시키면 최고 연 3.6%까지 금리가 상승합니다. 영업점 방문 창구 대기 필요 없이 스마트폰 모바일 앱이나 다이렉트 웹 페이지를 통해 비대면으로 즉시 개설할 수 있으며, 가입 대상은 개인 고객 및 사업자 소상공인까지 제한 조건 없이 누구나 참여 가능한 안전 고정금리 상품입니다.",https://naver.com_0124
7,대구대서신협,쏠편한 정기예금,연 3.9%,연 4.09%,스마트폰 모바일 앱 가입,개인 및 개인사업자 누구나 가입 가능,"이 금융 상품은 대구대서신협에서 운영 중인 '쏠편한 정기예금' 정기예금입니다. 기본적으로 보장되는 공시 금리는 현재 연 3.9%이며, 가입 이후 자동이체 연결 실적 1건 이상 충족 및 제휴 서비스 연동 시 우대 금리 적용 조건을 성립시키면 최고 연 4.09%까지 금리가 상승합니다. 영업점 방문 창구 대기 필요 없이 스마트폰 모바일 앱이나 다이렉트 웹 페이지를 통해 비대면으로 즉시 개설할 수 있으며, 가입 대상은 개인 고객 및 사업자 소상공인까지 제한 조건 없이 누구나 참여 가능한 안전 고정금리 상품입니다.",https://naver.com_0125
7,충절로신협,쏠편한 정기예금,연 3.64%,연 3.86%,스마트폰 모바일 앱 가입,개인 및 개인사업자 누구나 가입 가능,"이 금융 상품은 충절로신협에서 운영 중인 '쏠편한 정기예금' 정기예금입니다. 기본적으로 보장되는 공시 금리는 현재 연 3.64%이며, 가입 이후 자동이체 연결 실적 1건 이상 충족 및 제휴 서비스 연동 시 우대 금리 적용 조건을 성립시키면 최고 연 3.86%까지 금리가 상승합니다. 영업점 방문 창구 대기 필요 없이 스마트폰 모바일 앱이나 다이렉트 웹 페이지를 통해 비대면으로 즉시 개설할 수 있으며, 가입 대상은 개인 고객 및 사업자 소상공인까지 제한 조건 없이 누구나 참여 가능한 안전 고정금리 상품입니다.",https://naver.com_0126
7,SH수협은행,꿈꾸는 목돈 정기예금,연 3.51%,연 3.7%,스마트폰 모바일 앱 가입,개인 및 개인사업자 누구나 가입 가능,"이 금융 상품은 SH수협은행에서 운영 중인 '꿈꾸는 목돈 정기예금' 정기예금입니다. 기본적으로 보장되는 공시 금리는 현재 연 3.51%이며, 가입 이후 인터넷/모바일 스마트 패스 뱅킹을 통한 비대면 신규 가입 시 우대 금리 제공 조건을 성립시키면 최고 연 3.7%까지 금리가 상승합니다. 영업점 방문 창구 대기 필요 없이 스마트폰 모바일 앱이나 다이렉트 웹 페이지를 통해 비대면으로 즉시 개설할 수 있으며, 가입 대상은 개인 고객 및 사업자 소상공인까지 제한 조건 없이 누구나 참여 가능한 안전 고정금리 상품입니다.",https://naver.com_0127
7,KB국민은행,하나의 정기예금,연 3.52%,연 3.81%,스마트폰 모바일 앱 가입,개인 및 개인사업자 누구나 가입 가능,"이 금융 상품은 KB국민은행에서 운영 중인 '하나의 정기예금' 정기예금입니다. 기본적으로 보장되는 공시 금리는 현재 연 3.52%이며, 가입 이후 해당 기관 체크카드 발급 후 실적 충족 시 우대 이율 연 0.3% 즉시 반영 조건을 성립시키면 최고 연 3.81%까지 금리가 상승합니다. 영업점 방문 창구 대기 필요 없이 스마트폰 모바일 앱이나 다이렉트 웹 페이지를 통해 비대면으로 즉시 개설할 수 있으며, 가입 대상은 개인 고객 및 사업자 소상공인까지 제한 조건 없이 누구나 참여 가능한 안전 고정금리 상품입니다.",https://naver.com_0128
7,신한은행,하나의 정기예금,연 3.8%,연 4.19%,스마트폰 모바일 앱 가입,개인 및 개인사업자 누구나 가입 가능,"이 금융 상품은 신한은행에서 운영 중인 '하나의 정기예금' 정기예금입니다. 기본적으로 보장되는 공시 금리는 현재 연 3.8%이며, 가입 이후 인터넷/모바일 스마트 패스 뱅킹을 통한 비대면 신규 가입 시 우대 금리 제공 조건을 성립시키면 최고 연 4.19%까지 금리가 상승합니다. 영업점 방문 창구 대기 필요 없이 스마트폰 모바일 앱이나 다이렉트 웹 페이지를 통해 비대면으로 즉시 개설할 수 있으며, 가입 대상은 개인 고객 및 사업자 소상공인까지 제한 조건 없이 누구나 참여 가능한 안전 고정금리 상품입니다.",https://naver.com_0129
7,하나은행,MZ세대 우대형 예금,연 3.52%,연 3.8%,스마트폰 모바일 앱 가입,개인 및 개인사업자 누구나 가입 가능,"이 금융 상품은 하나은행에서 운영 중인 'MZ세대 우대형 예금' 정기예금입니다. 기본적으로 보장되는 공시 금리는 현재 연 3.52%이며, 가입 이후 공동구매 형식으로 일정 기간 내 특정 모집 금액대 달성 시 추가 이율 제공 조건을 성립시키면 최고 연 3.8%까지 금리가 상승합니다. 영업점 방문 창구 대기 필요 없이 스마트폰 모바일 앱이나 다이렉트 웹 페이지를 통해 비대면으로 즉시 개설할 수 있으며, 가입 대상은 개인 고객 및 사업자 소상공인까지 제한 조건 없이 누구나 참여 가능한 안전 고정금리 상품입니다.",https://naver.com_0130
7,NH농협은행,한도제한 없는 예금,연 3.35%,연 3.76%,스마트폰 모바일 앱 가입,개인 및 개인사업자 누구나 가입 가능,"이 금융 상품은 NH농협은행에서 운영 중인 '한도제한 없는 예금' 정기예금입니다. 기본적으로 보장되는 공시 금리는 현재 연 3.35%이며, 가입 이후 자동이체 연결 실적 1건 이상 충족 및 제휴 서비스 연동 시 우대 금리 적용 조건을 성립시키면 최고 연 3.76%까지 금리가 상승합니다. 영업점 방문 창구 대기 필요 없이 스마트폰 모바일 앱이나 다이렉트 웹 페이지를 통해 비대면으로 즉시 개설할 수 있으며, 가입 대상은 개인 고객 및 사업자 소상공인까지 제한 조건 없이 누구나 참여 가능한 안전 고정금리 상품입니다.",https://naver.com_0131
7,카카오뱅크,쏠편한 정기예금,연 3.76%,연 4.2%,스마트폰 모바일 앱 가입,개인 및 개인사업자 누구나 가입 가능,"이 금융 상품은 카카오뱅크에서 운영 중인 '쏠편한 정기예금' 정기예금입니다. 기본적으로 보장되는 공시 금리는 현재 연 3.76%이며, 가입 이후 해당 기관 체크카드 발급 후 실적 충족 시 우대 이율 연 0.3% 즉시 반영 조건을 성립시키면 최고 연 4.2%까지 금리가 상승합니다. 영업점 방문 창구 대기 필요 없이 스마트폰 모바일 앱이나 다이렉트 웹 페이지를 통해 비대면으로 즉시 개설할 수 있으며, 가입 대상은 개인 고객 및 사업자 소상공인까지 제한 조건 없이 누구나 참여 가능한 안전 고정금리 상품입니다.",https://naver.com_0132
7,케이뱅크,쏠편한 정기예금,연 3.36%,연 3.73%,스마트폰 모바일 앱 가입,개인 및 개인사업자 누구나 가입 가능,"이 금융 상품은 케이뱅크에서 운영 중인 '쏠편한 정기예금' 정기예금입니다. 기본적으로 보장되는 공시 금리는 현재 연 3.36%이며, 가입 이후 공동구매 형식으로 일정 기간 내 특정 모집 금액대 달성 시 추가 이율 제공 조건을 성립시키면 최고 연 3.73%까지 금리가 상승합니다. 영업점 방문 창구 대기 필요 없이 스마트폰 모바일 앱이나 다이렉트 웹 페이지를 통해 비대면으로 즉시 개설할 수 있으며, 가입 대상은 개인 고객 및 사업자 소상공인까지 제한 조건 없이 누구나 참여 가능한 안전 고정금리 상품입니다.",https://naver.com_0133
7,SC제일은행,기업상생 파트너 예금,연 3.36%,연 3.52%,스마트폰 모바일 앱 가입,개인 및 개인사업자 누구나 가입 가능,"이 금융 상품은 SC제일은행에서 운영 중인 '기업상생 파트너 예금' 정기예금입니다. 기본적으로 보장되는 공시 금리는 현재 연 3.36%이며, 가입 이후 모바일 앱 푸시 알림 동의 및 종이 통장 미발행 환경 보호 참여 시 우대 이율 추가 조건을 성립시키면 최고 연 3.52%까지 금리가 상승합니다. 영업점 방문 창구 대기 필요 없이 스마트폰 모바일 앱이나 다이렉트 웹 페이지를 통해 비대면으로 즉시 개설할 수 있으며, 가입 대상은 개인 고객 및 사업자 소상공인까지 제한 조건 없이 누구나 참여 가능한 안전 고정금리 상품입니다.",https://naver.com_0134
7,iM뱅크(대구은행),쏠편한 정기예금,연 3.84%,연 4.16%,스마트폰 모바일 앱 가입,개인 및 개인사업자 누구나 가입 가능,"이 금융 상품은 iM뱅크(대구은행)에서 운영 중인 '쏠편한 정기예금' 정기예금입니다. 기본적으로 보장되는 공시 금리는 현재 연 3.84%이며, 가입 이후 공동구매 형식으로 일정 기간 내 특정 모집 금액대 달성 시 추가 이율 제공 조건을 성립시키면 최고 연 4.16%까지 금리가 상승합니다. 영업점 방문 창구 대기 필요 없이 스마트폰 모바일 앱이나 다이렉트 웹 페이지를 통해 비대면으로 즉시 개설할 수 있으며, 가입 대상은 개인 고객 및 사업자 소상공인까지 제한 조건 없이 누구나 참여 가능한 안전 고정금리 상품입니다.",https://naver.com_0135
7,제주은행,코드하나 정기예탁금,연 3.71%,연 4.15%,스마트폰 모바일 앱 가입,개인 및 개인사업자 누구나 가입 가능,"이 금융 상품은 제주은행에서 운영 중인 '코드하나 정기예탁금' 정기예금입니다. 기본적으로 보장되는 공시 금리는 현재 연 3.71%이며, 가입 이후 급여 이체 실적 및 신용카드 3개월 이용 결제 실적 충족 시 최고 금리 적용 조건을 성립시키면 최고 연 4.15%까지 금리가 상승합니다. 영업점 방문 창구 대기 필요 없이 스마트폰 모바일 앱이나 다이렉트 웹 페이지를 통해 비대면으로 즉시 개설할 수 있으며, 가입 대상은 개인 고객 및 사업자 소상공인까지 제한 조건 없이 누구나 참여 가능한 안전 고정금리 상품입니다.",https://naver.com_0136
7,경남은행,쏠편한 정기예금,연 3.88%,연 4.26%,스마트폰 모바일 앱 가입,개인 및 개인사업자 누구나 가입 가능,"이 금융 상품은 경남은행에서 운영 중인 '쏠편한 정기예금' 정기예금입니다. 기본적으로 보장되는 공시 금리는 현재 연 3.88%이며, 가입 이후 모바일 앱 푸시 알림 동의 및 종이 통장 미발행 환경 보호 참여 시 우대 이율 추가 조건을 성립시키면 최고 연 4.26%까지 금리가 상승합니다. 영업점 방문 창구 대기 필요 없이 스마트폰 모바일 앱이나 다이렉트 웹 페이지를 통해 비대면으로 즉시 개설할 수 있으며, 가입 대상은 개인 고객 및 사업자 소상공인까지 제한 조건 없이 누구나 참여 가능한 안전 고정금리 상품입니다.",https://naver.com_0137
7,전북은행,비대면 모바일 정기예금,연 3.36%,연 3.62%,스마트폰 모바일 앱 가입,개인 및 개인사업자 누구나 가입 가능,"이 금융 상품은 전북은행에서 운영 중인 '비대면 모바일 정기예금' 정기예금입니다. 기본적으로 보장되는 공시 금리는 현재 연 3.36%이며, 가입 이후 해당 금융사 첫 거래 신규 고객 우대 연 0.2% 포함 조건을 성립시키면 최고 연 3.62%까지 금리가 상승합니다. 영업점 방문 창구 대기 필요 없이 스마트폰 모바일 앱이나 다이렉트 웹 페이지를 통해 비대면으로 즉시 개설할 수 있으며, 가입 대상은 개인 고객 및 사업자 소상공인까지 제한 조건 없이 누구나 참여 가능한 안전 고정금리 상품입니다.",https://naver.com_0138
7,웰컴저축은행,코드하나 정기예탁금,연 3.82%,연 4.04%,스마트폰 모바일 앱 가입,개인 및 개인사업자 누구나 가입 가능,"이 금융 상품은 웰컴저축은행에서 운영 중인 '코드하나 정기예탁금' 정기예금입니다. 기본적으로 보장되는 공시 금리는 현재 연 3.82%이며, 가입 이후 급여 이체 실적 및 신용카드 3개월 이용 결제 실적 충족 시 최고 금리 적용 조건을 성립시키면 최고 연 4.04%까지 금리가 상승합니다. 영업점 방문 창구 대기 필요 없이 스마트폰 모바일 앱이나 다이렉트 웹 페이지를 통해 비대면으로 즉시 개설할 수 있으며, 가입 대상은 개인 고객 및 사업자 소상공인까지 제한 조건 없이 누구나 참여 가능한 안전 고정금리 상품입니다.",https://naver.com_0139
8,SBI저축은행,행복 패밀리 예금,연 3.9%,연 4.09%,스마트폰 모바일 앱 가입,개인 및 개인사업자 누구나 가입 가능,"이 금융 상품은 SBI저축은행에서 운영 중인 '행복 패밀리 예금' 정기예금입니다. 기본적으로 보장되는 공시 금리는 현재 연 3.9%이며, 가입 이후 해당 금융사 첫 거래 신규 고객 우대 연 0.2% 포함 조건을 성립시키면 최고 연 4.09%까지 금리가 상승합니다. 영업점 방문 창구 대기 필요 없이 스마트폰 모바일 앱이나 다이렉트 웹 페이지를 통해 비대면으로 즉시 개설할 수 있으며, 가입 대상은 개인 고객 및 사업자 소상공인까지 제한 조건 없이 누구나 참여 가능한 안전 고정금리 상품입니다.",https://naver.com_0140
8,OK저축은행,플러스 박스 예금,연 3.35%,연 3.53%,스마트폰 모바일 앱 가입,개인 및 개인사업자 누구나 가입 가능,"이 금융 상품은 OK저축은행에서 운영 중인 '플러스 박스 예금' 정기예금입니다. 기본적으로 보장되는 공시 금리는 현재 연 3.35%이며, 가입 이후 공동구매 형식으로 일정 기간 내 특정 모집 금액대 달성 시 추가 이율 제공 조건을 성립시키면 최고 연 3.53%까지 금리가 상승합니다. 영업점 방문 창구 대기 필요 없이 스마트폰 모바일 앱이나 다이렉트 웹 페이지를 통해 비대면으로 즉시 개설할 수 있으며, 가입 대상은 개인 고객 및 사업자 소상공인까지 제한 조건 없이 누구나 참여 가능한 안전 고정금리 상품입니다.",https://naver.com_0141
8,페퍼저축은행,더블업 우대예금,연 3.35%,연 3.79%,스마트폰 모바일 앱 가입,개인 및 개인사업자 누구나 가입 가능,"이 금융 상품은 페퍼저축은행에서 운영 중인 '더블업 우대예금' 정기예금입니다. 기본적으로 보장되는 공시 금리는 현재 연 3.35%이며, 가입 이후 모바일 앱 푸시 알림 동의 및 종이 통장 미발행 환경 보호 참여 시 우대 이율 추가 조건을 성립시키면 최고 연 3.79%까지 금리가 상승합니다. 영업점 방문 창구 대기 필요 없이 스마트폰 모바일 앱이나 다이렉트 웹 페이지를 통해 비대면으로 즉시 개설할 수 있으며, 가입 대상은 개인 고객 및 사업자 소상공인까지 제한 조건 없이 누구나 참여 가능한 안전 고정금리 상품입니다.",https://naver.com_0142
8,한국투자저축은행,쏠편한 정기예금,연 3.47%,연 3.77%,스마트폰 모바일 앱 가입,개인 및 개인사업자 누구나 가입 가능,"이 금융 상품은 한국투자저축은행에서 운영 중인 '쏠편한 정기예금' 정기예금입니다. 기본적으로 보장되는 공시 금리는 현재 연 3.47%이며, 가입 이후 공동구매 형식으로 일정 기간 내 특정 모집 금액대 달성 시 추가 이율 제공 조건을 성립시키면 최고 연 3.77%까지 금리가 상승합니다. 영업점 방문 창구 대기 필요 없이 스마트폰 모바일 앱이나 다이렉트 웹 페이지를 통해 비대면으로 즉시 개설할 수 있으며, 가입 대상은 개인 고객 및 사업자 소상공인까지 제한 조건 없이 누구나 참여 가능한 안전 고정금리 상품입니다.",https://naver.com_0143
8,다올저축은행,플러스 박스 예금,연 3.72%,연 4.15%,스마트폰 모바일 앱 가입,개인 및 개인사업자 누구나 가입 가능,"이 금융 상품은 다올저축은행에서 운영 중인 '플러스 박스 예금' 정기예금입니다. 기본적으로 보장되는 공시 금리는 현재 연 3.72%이며, 가입 이후 인터넷/모바일 스마트 패스 뱅킹을 통한 비대면 신규 가입 시 우대 금리 제공 조건을 성립시키면 최고 연 4.15%까지 금리가 상승합니다. 영업점 방문 창구 대기 필요 없이 스마트폰 모바일 앱이나 다이렉트 웹 페이지를 통해 비대면으로 즉시 개설할 수 있으며, 가입 대상은 개인 고객 및 사업자 소상공인까지 제한 조건 없이 누구나 참여 가능한 안전 고정금리 상품입니다.",https://naver.com_0144
8,신한저축은행,첫만남 우대예금,연 3.65%,연 4.08%,스마트폰 모바일 앱 가입,개인 및 개인사업자 누구나 가입 가능,"이 금융 상품은 신한저축은행에서 운영 중인 '첫만남 우대예금' 정기예금입니다. 기본적으로 보장되는 공시 금리는 현재 연 3.65%이며, 가입 이후 스마트폰 마케팅 활용 전제 동의 및 오픈뱅킹 계좌 등록 완료 시 연 0.15% 가산 조건을 성립시키면 최고 연 4.08%까지 금리가 상승합니다. 영업점 방문 창구 대기 필요 없이 스마트폰 모바일 앱이나 다이렉트 웹 페이지를 통해 비대면으로 즉시 개설할 수 있으며, 가입 대상은 개인 고객 및 사업자 소상공인까지 제한 조건 없이 누구나 참여 가능한 안전 고정금리 상품입니다.",https://naver.com_0145
8,하나저축은행,비대면 모바일 정기예금,연 3.37%,연 3.67%,스마트폰 모바일 앱 가입,개인 및 개인사업자 누구나 가입 가능,"이 금융 상품은 하나저축은행에서 운영 중인 '비대면 모바일 정기예금' 정기예금입니다. 기본적으로 보장되는 공시 금리는 현재 연 3.37%이며, 가입 이후 급여 이체 실적 및 신용카드 3개월 이용 결제 실적 충족 시 최고 금리 적용 조건을 성립시키면 최고 연 3.67%까지 금리가 상승합니다. 영업점 방문 창구 대기 필요 없이 스마트폰 모바일 앱이나 다이렉트 웹 페이지를 통해 비대면으로 즉시 개설할 수 있으며, 가입 대상은 개인 고객 및 사업자 소상공인까지 제한 조건 없이 누구나 참여 가능한 안전 고정금리 상품입니다.",https://naver.com_0146
8,KB저축은행,회전식 정기예금,연 3.71%,연 3.96%,스마트폰 모바일 앱 가입,개인 및 개인사업자 누구나 가입 가능,"이 금융 상품은 KB저축은행에서 운영 중인 '회전식 정기예금' 정기예금입니다. 기본적으로 보장되는 공시 금리는 현재 연 3.71%이며, 가입 이후 해당 금융사 첫 거래 신규 고객 우대 연 0.2% 포함 조건을 성립시키면 최고 연 3.96%까지 금리가 상승합니다. 영업점 방문 창구 대기 필요 없이 스마트폰 모바일 앱이나 다이렉트 웹 페이지를 통해 비대면으로 즉시 개설할 수 있으며, 가입 대상은 개인 고객 및 사업자 소상공인까지 제한 조건 없이 누구나 참여 가능한 안전 고정금리 상품입니다.",https://naver.com_0147
8,모아저축은행,비대면 모바일 정기예금,연 3.6%,연 3.75%,스마트폰 모바일 앱 가입,개인 및 개인사업자 누구나 가입 가능,"이 금융 상품은 모아저축은행에서 운영 중인 '비대면 모바일 정기예금' 정기예금입니다. 기본적으로 보장되는 공시 금리는 현재 연 3.6%이며, 가입 이후 공동구매 형식으로 일정 기간 내 특정 모집 금액대 달성 시 추가 이율 제공 조건을 성립시키면 최고 연 3.75%까지 금리가 상승합니다. 영업점 방문 창구 대기 필요 없이 스마트폰 모바일 앱이나 다이렉트 웹 페이지를 통해 비대면으로 즉시 개설할 수 있으며, 가입 대상은 개인 고객 및 사업자 소상공인까지 제한 조건 없이 누구나 참여 가능한 안전 고정금리 상품입니다.",https://naver.com_0148
8,중앙신협,한도제한 없는 예금,연 3.72%,연 3.9%,스마트폰 모바일 앱 가입,개인 및 개인사업자 누구나 가입 가능,"이 금융 상품은 중앙신협에서 운영 중인 '한도제한 없는 예금' 정기예금입니다. 기본적으로 보장되는 공시 금리는 현재 연 3.72%이며, 가입 이후 공동구매 형식으로 일정 기간 내 특정 모집 금액대 달성 시 추가 이율 제공 조건을 성립시키면 최고 연 3.9%까지 금리가 상승합니다. 영업점 방문 창구 대기 필요 없이 스마트폰 모바일 앱이나 다이렉트 웹 페이지를 통해 비대면으로 즉시 개설할 수 있으며, 가입 대상은 개인 고객 및 사업자 소상공인까지 제한 조건 없이 누구나 참여 가능한 안전 고정금리 상품입니다.",https://naver.com_0149
8,부산원광신협,플러스 박스 예금,연 3.52%,연 3.92%,스마트폰 모바일 앱 가입,개인 및 개인사업자 누구나 가입 가능,"이 금융 상품은 부산원광신협에서 운영 중인 '플러스 박스 예금' 정기예금입니다. 기본적으로 보장되는 공시 금리는 현재 연 3.52%이며, 가입 이후 인터넷/모바일 스마트 패스 뱅킹을 통한 비대면 신규 가입 시 우대 금리 제공 조건을 성립시키면 최고 연 3.92%까지 금리가 상승합니다. 영업점 방문 창구 대기 필요 없이 스마트폰 모바일 앱이나 다이렉트 웹 페이지를 통해 비대면으로 즉시 개설할 수 있으며, 가입 대상은 개인 고객 및 사업자 소상공인까지 제한 조건 없이 누구나 참여 가능한 안전 고정금리 상품입니다.",https://naver.com_0150
8,대구대서신협,회전식 정기예금,연 3.86%,연 4.29%,스마트폰 모바일 앱 가입,개인 및 개인사업자 누구나 가입 가능,"이 금융 상품은 대구대서신협에서 운영 중인 '회전식 정기예금' 정기예금입니다. 기본적으로 보장되는 공시 금리는 현재 연 3.86%이며, 가입 이후 공동구매 형식으로 일정 기간 내 특정 모집 금액대 달성 시 추가 이율 제공 조건을 성립시키면 최고 연 4.29%까지 금리가 상승합니다. 영업점 방문 창구 대기 필요 없이 스마트폰 모바일 앱이나 다이렉트 웹 페이지를 통해 비대면으로 즉시 개설할 수 있으며, 가입 대상은 개인 고객 및 사업자 소상공인까지 제한 조건 없이 누구나 참여 가능한 안전 고정금리 상품입니다.",https://naver.com_0151
8,충절로신협,비대면 모바일 정기예금,연 3.77%,연 4.1%,스마트폰 모바일 앱 가입,개인 및 개인사업자 누구나 가입 가능,"이 금융 상품은 충절로신협에서 운영 중인 '비대면 모바일 정기예금' 정기예금입니다. 기본적으로 보장되는 공시 금리는 현재 연 3.77%이며, 가입 이후 공동구매 형식으로 일정 기간 내 특정 모집 금액대 달성 시 추가 이율 제공 조건을 성립시키면 최고 연 4.1%까지 금리가 상승합니다. 영업점 방문 창구 대기 필요 없이 스마트폰 모바일 앱이나 다이렉트 웹 페이지를 통해 비대면으로 즉시 개설할 수 있으며, 가입 대상은 개인 고객 및 사업자 소상공인까지 제한 조건 없이 누구나 참여 가능한 안전 고정금리 상품입니다.",https://naver.com_0152
8,SH수협은행,유니온 정기예금,연 3.37%,연 3.76%,스마트폰 모바일 앱 가입,개인 및 개인사업자 누구나 가입 가능,"이 금융 상품은 SH수협은행에서 운영 중인 '유니온 정기예금' 정기예금입니다. 기본적으로 보장되는 공시 금리는 현재 연 3.37%이며, 가입 이후 공동구매 형식으로 일정 기간 내 특정 모집 금액대 달성 시 추가 이율 제공 조건을 성립시키면 최고 연 3.76%까지 금리가 상승합니다. 영업점 방문 창구 대기 필요 없이 스마트폰 모바일 앱이나 다이렉트 웹 페이지를 통해 비대면으로 즉시 개설할 수 있으며, 가입 대상은 개인 고객 및 사업자 소상공인까지 제한 조건 없이 누구나 참여 가능한 안전 고정금리 상품입니다.",https://naver.com_0153
8,KB국민은행,코드하나 정기예탁금,연 3.72%,연 4.01%,스마트폰 모바일 앱 가입,개인 및 개인사업자 누구나 가입 가능,"이 금융 상품은 KB국민은행에서 운영 중인 '코드하나 정기예탁금' 정기예금입니다. 기본적으로 보장되는 공시 금리는 현재 연 3.72%이며, 가입 이후 해당 기관 체크카드 발급 후 실적 충족 시 우대 이율 연 0.3% 즉시 반영 조건을 성립시키면 최고 연 4.01%까지 금리가 상승합니다. 영업점 방문 창구 대기 필요 없이 스마트폰 모바일 앱이나 다이렉트 웹 페이지를 통해 비대면으로 즉시 개설할 수 있으며, 가입 대상은 개인 고객 및 사업자 소상공인까지 제한 조건 없이 누구나 참여 가능한 안전 고정금리 상품입니다.",https://naver.com_0154
8,신한은행,ESG 사회공헌 예금,연 3.4%,연 3.59%,스마트폰 모바일 앱 가입,개인 및 개인사업자 누구나 가입 가능,"이 금융 상품은 신한은행에서 운영 중인 'ESG 사회공헌 예금' 정기예금입니다. 기본적으로 보장되는 공시 금리는 현재 연 3.4%이며, 가입 이후 해당 금융사 첫 거래 신규 고객 우대 연 0.2% 포함 조건을 성립시키면 최고 연 3.59%까지 금리가 상승합니다. 영업점 방문 창구 대기 필요 없이 스마트폰 모바일 앱이나 다이렉트 웹 페이지를 통해 비대면으로 즉시 개설할 수 있으며, 가입 대상은 개인 고객 및 사업자 소상공인까지 제한 조건 없이 누구나 참여 가능한 안전 고정금리 상품입니다.",https://naver.com_0155
8,하나은행,행복 패밀리 예금,연 3.88%,연 4.29%,스마트폰 모바일 앱 가입,개인 및 개인사업자 누구나 가입 가능,"이 금융 상품은 하나은행에서 운영 중인 '행복 패밀리 예금' 정기예금입니다. 기본적으로 보장되는 공시 금리는 현재 연 3.88%이며, 가입 이후 자동이체 연결 실적 1건 이상 충족 및 제휴 서비스 연동 시 우대 금리 적용 조건을 성립시키면 최고 연 4.29%까지 금리가 상승합니다. 영업점 방문 창구 대기 필요 없이 스마트폰 모바일 앱이나 다이렉트 웹 페이지를 통해 비대면으로 즉시 개설할 수 있으며, 가입 대상은 개인 고객 및 사업자 소상공인까지 제한 조건 없이 누구나 참여 가능한 안전 고정금리 상품입니다.",https://naver.com_0156
8,우리은행,고금리 특판 예탁금,연 3.52%,연 3.9%,스마트폰 모바일 앱 가입,개인 및 개인사업자 누구나 가입 가능,"이 금융 상품은 우리은행에서 운영 중인 '고금리 특판 예탁금' 정기예금입니다. 기본적으로 보장되는 공시 금리는 현재 연 3.52%이며, 가입 이후 공동구매 형식으로 일정 기간 내 특정 모집 금액대 달성 시 추가 이율 제공 조건을 성립시키면 최고 연 3.9%까지 금리가 상승합니다. 영업점 방문 창구 대기 필요 없이 스마트폰 모바일 앱이나 다이렉트 웹 페이지를 통해 비대면으로 즉시 개설할 수 있으며, 가입 대상은 개인 고객 및 사업자 소상공인까지 제한 조건 없이 누구나 참여 가능한 안전 고정금리 상품입니다.",https://naver.com_0157
8,NH농협은행,e-그린세이브 예금,연 3.8%,연 4.01%,스마트폰 모바일 앱 가입,개인 및 개인사업자 누구나 가입 가능,"이 금융 상품은 NH농협은행에서 운영 중인 'e-그린세이브 예금' 정기예금입니다. 기본적으로 보장되는 공시 금리는 현재 연 3.8%이며, 가입 이후 자동이체 연결 실적 1건 이상 충족 및 제휴 서비스 연동 시 우대 금리 적용 조건을 성립시키면 최고 연 4.01%까지 금리가 상승합니다. 영업점 방문 창구 대기 필요 없이 스마트폰 모바일 앱이나 다이렉트 웹 페이지를 통해 비대면으로 즉시 개설할 수 있으며, 가입 대상은 개인 고객 및 사업자 소상공인까지 제한 조건 없이 누구나 참여 가능한 안전 고정금리 상품입니다.",https://naver.com_0158
8,IBK기업은행,쏠편한 정기예금,연 3.55%,연 3.78%,스마트폰 모바일 앱 가입,개인 및 개인사업자 누구나 가입 가능,"이 금융 상품은 IBK기업은행에서 운영 중인 '쏠편한 정기예금' 정기예금입니다. 기본적으로 보장되는 공시 금리는 현재 연 3.55%이며, 가입 이후 모바일 앱 푸시 알림 동의 및 종이 통장 미발행 환경 보호 참여 시 우대 이율 추가 조건을 성립시키면 최고 연 3.78%까지 금리가 상승합니다. 영업점 방문 창구 대기 필요 없이 스마트폰 모바일 앱이나 다이렉트 웹 페이지를 통해 비대면으로 즉시 개설할 수 있으며, 가입 대상은 개인 고객 및 사업자 소상공인까지 제한 조건 없이 누구나 참여 가능한 안전 고정금리 상품입니다.",https://naver.com_0159
9,카카오뱅크,코드하나 정기예탁금,연 3.7%,연 3.87%,스마트폰 모바일 앱 가입,개인 및 개인사업자 누구나 가입 가능,"이 금융 상품은 카카오뱅크에서 운영 중인 '코드하나 정기예탁금' 정기예금입니다. 기본적으로 보장되는 공시 금리는 현재 연 3.7%이며, 가입 이후 모바일 앱 푸시 알림 동의 및 종이 통장 미발행 환경 보호 참여 시 우대 이율 추가 조건을 성립시키면 최고 연 3.87%까지 금리가 상승합니다. 영업점 방문 창구 대기 필요 없이 스마트폰 모바일 앱이나 다이렉트 웹 페이지를 통해 비대면으로 즉시 개설할 수 있으며, 가입 대상은 개인 고객 및 사업자 소상공인까지 제한 조건 없이 누구나 참여 가능한 안전 고정금리 상품입니다.",https://naver.com_0160
9,토스뱅크,e-그린세이브 예금,연 3.34%,연 3.79%,스마트폰 모바일 앱 가입,개인 및 개인사업자 누구나 가입 가능,"이 금융 상품은 토스뱅크에서 운영 중인 'e-그린세이브 예금' 정기예금입니다. 기본적으로 보장되는 공시 금리는 현재 연 3.34%이며, 가입 이후 급여 이체 실적 및 신용카드 3개월 이용 결제 실적 충족 시 최고 금리 적용 조건을 성립시키면 최고 연 3.79%까지 금리가 상승합니다. 영업점 방문 창구 대기 필요 없이 스마트폰 모바일 앱이나 다이렉트 웹 페이지를 통해 비대면으로 즉시 개설할 수 있으며, 가입 대상은 개인 고객 및 사업자 소상공인까지 제한 조건 없이 누구나 참여 가능한 안전 고정금리 상품입니다.",https://naver.com_0161
9,부산은행,한도제한 없는 예금,연 3.35%,연 3.76%,스마트폰 모바일 앱 가입,개인 및 개인사업자 누구나 가입 가능,"이 금융 상품은 부산은행에서 운영 중인 '한도제한 없는 예금' 정기예금입니다. 기본적으로 보장되는 공시 금리는 현재 연 3.35%이며, 가입 이후 인터넷/모바일 스마트 패스 뱅킹을 통한 비대면 신규 가입 시 우대 금리 제공 조건을 성립시키면 최고 연 3.76%까지 금리가 상승합니다. 영업점 방문 창구 대기 필요 없이 스마트폰 모바일 앱이나 다이렉트 웹 페이지를 통해 비대면으로 즉시 개설할 수 있으며, 가입 대상은 개인 고객 및 사업자 소상공인까지 제한 조건 없이 누구나 참여 가능한 안전 고정금리 상품입니다.",https://naver.com_0162
9,iM뱅크(대구은행),내집마련 정기예금,연 3.47%,연 3.73%,스마트폰 모바일 앱 가입,개인 및 개인사업자 누구나 가입 가능,"이 금융 상품은 iM뱅크(대구은행)에서 운영 중인 '내집마련 정기예금' 정기예금입니다. 기본적으로 보장되는 공시 금리는 현재 연 3.47%이며, 가입 이후 인터넷/모바일 스마트 패스 뱅킹을 통한 비대면 신규 가입 시 우대 금리 제공 조건을 성립시키면 최고 연 3.73%까지 금리가 상승합니다. 영업점 방문 창구 대기 필요 없이 스마트폰 모바일 앱이나 다이렉트 웹 페이지를 통해 비대면으로 즉시 개설할 수 있으며, 가입 대상은 개인 고객 및 사업자 소상공인까지 제한 조건 없이 누구나 참여 가능한 안전 고정금리 상품입니다.",https://naver.com_0163
9,광주은행,직장인 목돈 굴리기,연 3.76%,연 4.13%,스마트폰 모바일 앱 가입,개인 및 개인사업자 누구나 가입 가능,"이 금융 상품은 광주은행에서 운영 중인 '직장인 목돈 굴리기' 정기예금입니다. 기본적으로 보장되는 공시 금리는 현재 연 3.76%이며, 가입 이후 스마트폰 마케팅 활용 전제 동의 및 오픈뱅킹 계좌 등록 완료 시 연 0.15% 가산 조건을 성립시키면 최고 연 4.13%까지 금리가 상승합니다. 영업점 방문 창구 대기 필요 없이 스마트폰 모바일 앱이나 다이렉트 웹 페이지를 통해 비대면으로 즉시 개설할 수 있으며, 가입 대상은 개인 고객 및 사업자 소상공인까지 제한 조건 없이 누구나 참여 가능한 안전 고정금리 상품입니다.",https://naver.com_0164
9,제주은행,스타트 정기예탁금,연 3.85%,연 4.28%,스마트폰 모바일 앱 가입,개인 및 개인사업자 누구나 가입 가능,"이 금융 상품은 제주은행에서 운영 중인 '스타트 정기예탁금' 정기예금입니다. 기본적으로 보장되는 공시 금리는 현재 연 3.85%이며, 가입 이후 공동구매 형식으로 일정 기간 내 특정 모집 금액대 달성 시 추가 이율 제공 조건을 성립시키면 최고 연 4.28%까지 금리가 상승합니다. 영업점 방문 창구 대기 필요 없이 스마트폰 모바일 앱이나 다이렉트 웹 페이지를 통해 비대면으로 즉시 개설할 수 있으며, 가입 대상은 개인 고객 및 사업자 소상공인까지 제한 조건 없이 누구나 참여 가능한 안전 고정금리 상품입니다.",https://naver.com_0165
9,경남은행,행복 패밀리 예금,연 3.67%,연 4.01%,스마트폰 모바일 앱 가입,개인 및 개인사업자 누구나 가입 가능,"이 금융 상품은 경남은행에서 운영 중인 '행복 패밀리 예금' 정기예금입니다. 기본적으로 보장되는 공시 금리는 현재 연 3.67%이며, 가입 이후 해당 기관 체크카드 발급 후 실적 충족 시 우대 이율 연 0.3% 즉시 반영 조건을 성립시키면 최고 연 4.01%까지 금리가 상승합니다. 영업점 방문 창구 대기 필요 없이 스마트폰 모바일 앱이나 다이렉트 웹 페이지를 통해 비대면으로 즉시 개설할 수 있으며, 가입 대상은 개인 고객 및 사업자 소상공인까지 제한 조건 없이 누구나 참여 가능한 안전 고정금리 상품입니다.",https://naver.com_0166
9,KDB산업은행,코드하나 정기예탁금,연 3.34%,연 3.75%,스마트폰 모바일 앱 가입,개인 및 개인사업자 누구나 가입 가능,"이 금융 상품은 KDB산업은행에서 운영 중인 '코드하나 정기예탁금' 정기예금입니다. 기본적으로 보장되는 공시 금리는 현재 연 3.34%이며, 가입 이후 해당 금융사 첫 거래 신규 고객 우대 연 0.2% 포함 조건을 성립시키면 최고 연 3.75%까지 금리가 상승합니다. 영업점 방문 창구 대기 필요 없이 스마트폰 모바일 앱이나 다이렉트 웹 페이지를 통해 비대면으로 즉시 개설할 수 있으며, 가입 대상은 개인 고객 및 사업자 소상공인까지 제한 조건 없이 누구나 참여 가능한 안전 고정금리 상품입니다.",https://naver.com_0167
9,웰컴저축은행,정기예금 (단리식),연 3.56%,연 3.89%,스마트폰 모바일 앱 가입,개인 및 개인사업자 누구나 가입 가능,"이 금융 상품은 웰컴저축은행에서 운영 중인 '정기예금 (단리식)' 정기예금입니다. 기본적으로 보장되는 공시 금리는 현재 연 3.56%이며, 가입 이후 자동이체 연결 실적 1건 이상 충족 및 제휴 서비스 연동 시 우대 금리 적용 조건을 성립시키면 최고 연 3.89%까지 금리가 상승합니다. 영업점 방문 창구 대기 필요 없이 스마트폰 모바일 앱이나 다이렉트 웹 페이지를 통해 비대면으로 즉시 개설할 수 있으며, 가입 대상은 개인 고객 및 사업자 소상공인까지 제한 조건 없이 누구나 참여 가능한 안전 고정금리 상품입니다.",https://naver.com_0168
9,SBI저축은행,정기예금 (단리식),연 3.79%,연 4.22%,스마트폰 모바일 앱 가입,개인 및 개인사업자 누구나 가입 가능,"이 금융 상품은 SBI저축은행에서 운영 중인 '정기예금 (단리식)' 정기예금입니다. 기본적으로 보장되는 공시 금리는 현재 연 3.79%이며, 가입 이후 공동구매 형식으로 일정 기간 내 특정 모집 금액대 달성 시 추가 이율 제공 조건을 성립시키면 최고 연 4.22%까지 금리가 상승합니다. 영업점 방문 창구 대기 필요 없이 스마트폰 모바일 앱이나 다이렉트 웹 페이지를 통해 비대면으로 즉시 개설할 수 있으며, 가입 대상은 개인 고객 및 사업자 소상공인까지 제한 조건 없이 누구나 참여 가능한 안전 고정금리 상품입니다.",https://naver.com_0169
9,OK저축은행,한도제한 없는 예금,연 3.5%,연 3.95%,스마트폰 모바일 앱 가입,개인 및 개인사업자 누구나 가입 가능,"이 금융 상품은 OK저축은행에서 운영 중인 '한도제한 없는 예금' 정기예금입니다. 기본적으로 보장되는 공시 금리는 현재 연 3.5%이며, 가입 이후 스마트폰 마케팅 활용 전제 동의 및 오픈뱅킹 계좌 등록 완료 시 연 0.15% 가산 조건을 성립시키면 최고 연 3.95%까지 금리가 상승합니다. 영업점 방문 창구 대기 필요 없이 스마트폰 모바일 앱이나 다이렉트 웹 페이지를 통해 비대면으로 즉시 개설할 수 있으며, 가입 대상은 개인 고객 및 사업자 소상공인까지 제한 조건 없이 누구나 참여 가능한 안전 고정금리 상품입니다.",https://naver.com_0170
9,페퍼저축은행,꿈꾸는 목돈 정기예금,연 3.49%,연 3.7%,스마트폰 모바일 앱 가입,개인 및 개인사업자 누구나 가입 가능,"이 금융 상품은 페퍼저축은행에서 운영 중인 '꿈꾸는 목돈 정기예금' 정기예금입니다. 기본적으로 보장되는 공시 금리는 현재 연 3.49%이며, 가입 이후 스마트폰 마케팅 활용 전제 동의 및 오픈뱅킹 계좌 등록 완료 시 연 0.15% 가산 조건을 성립시키면 최고 연 3.7%까지 금리가 상승합니다. 영업점 방문 창구 대기 필요 없이 스마트폰 모바일 앱이나 다이렉트 웹 페이지를 통해 비대면으로 즉시 개설할 수 있으며, 가입 대상은 개인 고객 및 사업자 소상공인까지 제한 조건 없이 누구나 참여 가능한 안전 고정금리 상품입니다.",https://naver.com_0171
9,한국투자저축은행,MZ세대 우대형 예금,연 3.33%,연 3.76%,스마트폰 모바일 앱 가입,개인 및 개인사업자 누구나 가입 가능,"이 금융 상품은 한국투자저축은행에서 운영 중인 'MZ세대 우대형 예금' 정기예금입니다. 기본적으로 보장되는 공시 금리는 현재 연 3.33%이며, 가입 이후 해당 기관 체크카드 발급 후 실적 충족 시 우대 이율 연 0.3% 즉시 반영 조건을 성립시키면 최고 연 3.76%까지 금리가 상승합니다. 영업점 방문 창구 대기 필요 없이 스마트폰 모바일 앱이나 다이렉트 웹 페이지를 통해 비대면으로 즉시 개설할 수 있으며, 가입 대상은 개인 고객 및 사업자 소상공인까지 제한 조건 없이 누구나 참여 가능한 안전 고정금리 상품입니다.",https://naver.com_0172
9,다올저축은행,첫만남 우대예금,연 3.5%,연 3.66%,스마트폰 모바일 앱 가입,개인 및 개인사업자 누구나 가입 가능,"이 금융 상품은 다올저축은행에서 운영 중인 '첫만남 우대예금' 정기예금입니다. 기본적으로 보장되는 공시 금리는 현재 연 3.5%이며, 가입 이후 모바일 앱 푸시 알림 동의 및 종이 통장 미발행 환경 보호 참여 시 우대 이율 추가 조건을 성립시키면 최고 연 3.66%까지 금리가 상승합니다. 영업점 방문 창구 대기 필요 없이 스마트폰 모바일 앱이나 다이렉트 웹 페이지를 통해 비대면으로 즉시 개설할 수 있으며, 가입 대상은 개인 고객 및 사업자 소상공인까지 제한 조건 없이 누구나 참여 가능한 안전 고정금리 상품입니다.",https://naver.com_0173
9,신한저축은행,정기예금 (단리식),연 3.32%,연 3.64%,스마트폰 모바일 앱 가입,개인 및 개인사업자 누구나 가입 가능,"이 금융 상품은 신한저축은행에서 운영 중인 '정기예금 (단리식)' 정기예금입니다. 기본적으로 보장되는 공시 금리는 현재 연 3.32%이며, 가입 이후 모바일 앱 푸시 알림 동의 및 종이 통장 미발행 환경 보호 참여 시 우대 이율 추가 조건을 성립시키면 최고 연 3.64%까지 금리가 상승합니다. 영업점 방문 창구 대기 필요 없이 스마트폰 모바일 앱이나 다이렉트 웹 페이지를 통해 비대면으로 즉시 개설할 수 있으며, 가입 대상은 개인 고객 및 사업자 소상공인까지 제한 조건 없이 누구나 참여 가능한 안전 고정금리 상품입니다.",https://naver.com_0174
9,KB저축은행,직장인 목돈 굴리기,연 3.39%,연 3.61%,스마트폰 모바일 앱 가입,개인 및 개인사업자 누구나 가입 가능,"이 금융 상품은 KB저축은행에서 운영 중인 '직장인 목돈 굴리기' 정기예금입니다. 기본적으로 보장되는 공시 금리는 현재 연 3.39%이며, 가입 이후 자동이체 연결 실적 1건 이상 충족 및 제휴 서비스 연동 시 우대 금리 적용 조건을 성립시키면 최고 연 3.61%까지 금리가 상승합니다. 영업점 방문 창구 대기 필요 없이 스마트폰 모바일 앱이나 다이렉트 웹 페이지를 통해 비대면으로 즉시 개설할 수 있으며, 가입 대상은 개인 고객 및 사업자 소상공인까지 제한 조건 없이 누구나 참여 가능한 안전 고정금리 상품입니다.",https://naver.com_0175
9,모아저축은행,스타트 정기예탁금,연 3.37%,연 3.57%,스마트폰 모바일 앱 가입,개인 및 개인사업자 누구나 가입 가능,"이 금융 상품은 모아저축은행에서 운영 중인 '스타트 정기예탁금' 정기예금입니다. 기본적으로 보장되는 공시 금리는 현재 연 3.37%이며, 가입 이후 모바일 앱 푸시 알림 동의 및 종이 통장 미발행 환경 보호 참여 시 우대 이율 추가 조건을 성립시키면 최고 연 3.57%까지 금리가 상승합니다. 영업점 방문 창구 대기 필요 없이 스마트폰 모바일 앱이나 다이렉트 웹 페이지를 통해 비대면으로 즉시 개설할 수 있으며, 가입 대상은 개인 고객 및 사업자 소상공인까지 제한 조건 없이 누구나 참여 가능한 안전 고정금리 상품입니다.",https://naver.com_0176
9,중앙신협,정기예금 (단리식),연 3.34%,연 3.57%,스마트폰 모바일 앱 가입,개인 및 개인사업자 누구나 가입 가능,"이 금융 상품은 중앙신협에서 운영 중인 '정기예금 (단리식)' 정기예금입니다. 기본적으로 보장되는 공시 금리는 현재 연 3.34%이며, 가입 이후 해당 금융사 첫 거래 신규 고객 우대 연 0.2% 포함 조건을 성립시키면 최고 연 3.57%까지 금리가 상승합니다. 영업점 방문 창구 대기 필요 없이 스마트폰 모바일 앱이나 다이렉트 웹 페이지를 통해 비대면으로 즉시 개설할 수 있으며, 가입 대상은 개인 고객 및 사업자 소상공인까지 제한 조건 없이 누구나 참여 가능한 안전 고정금리 상품입니다.",https://naver.com_0177
9,동대문신협,직장인 목돈 굴리기,연 3.85%,연 4.06%,스마트폰 모바일 앱 가입,개인 및 개인사업자 누구나 가입 가능,"이 금융 상품은 동대문신협에서 운영 중인 '직장인 목돈 굴리기' 정기예금입니다. 기본적으로 보장되는 공시 금리는 현재 연 3.85%이며, 가입 이후 스마트폰 마케팅 활용 전제 동의 및 오픈뱅킹 계좌 등록 완료 시 연 0.15% 가산 조건을 성립시키면 최고 연 4.06%까지 금리가 상승합니다. 영업점 방문 창구 대기 필요 없이 스마트폰 모바일 앱이나 다이렉트 웹 페이지를 통해 비대면으로 즉시 개설할 수 있으며, 가입 대상은 개인 고객 및 사업자 소상공인까지 제한 조건 없이 누구나 참여 가능한 안전 고정금리 상품입니다.",https://naver.com_0178
9,부산원광신협,행복 패밀리 예금,연 3.61%,연 3.94%,스마트폰 모바일 앱 가입,개인 및 개인사업자 누구나 가입 가능,"이 금융 상품은 부산원광신협에서 운영 중인 '행복 패밀리 예금' 정기예금입니다. 기본적으로 보장되는 공시 금리는 현재 연 3.61%이며, 가입 이후 해당 금융사 첫 거래 신규 고객 우대 연 0.2% 포함 조건을 성립시키면 최고 연 3.94%까지 금리가 상승합니다. 영업점 방문 창구 대기 필요 없이 스마트폰 모바일 앱이나 다이렉트 웹 페이지를 통해 비대면으로 즉시 개설할 수 있으며, 가입 대상은 개인 고객 및 사업자 소상공인까지 제한 조건 없이 누구나 참여 가능한 안전 고정금리 상품입니다.",https://naver.com_0179
10,대구대서신협,SB톡톡 정기예금,연 3.51%,연 3.91%,스마트폰 모바일 앱 가입,개인 및 개인사업자 누구나 가입 가능,"이 금융 상품은 대구대서신협에서 운영 중인 'SB톡톡 정기예금' 정기예금입니다. 기본적으로 보장되는 공시 금리는 현재 연 3.51%이며, 가입 이후 급여 이체 실적 및 신용카드 3개월 이용 결제 실적 충족 시 최고 금리 적용 조건을 성립시키면 최고 연 3.91%까지 금리가 상승합니다. 영업점 방문 창구 대기 필요 없이 스마트폰 모바일 앱이나 다이렉트 웹 페이지를 통해 비대면으로 즉시 개설할 수 있으며, 가입 대상은 개인 고객 및 사업자 소상공인까지 제한 조건 없이 누구나 참여 가능한 안전 고정금리 상품입니다.",https://naver.com_0180
10,충절로신협,첫만남 우대예금,연 3.49%,연 3.88%,스마트폰 모바일 앱 가입,개인 및 개인사업자 누구나 가입 가능,"이 금융 상품은 충절로신협에서 운영 중인 '첫만남 우대예금' 정기예금입니다. 기본적으로 보장되는 공시 금리는 현재 연 3.49%이며, 가입 이후 해당 금융사 첫 거래 신규 고객 우대 연 0.2% 포함 조건을 성립시키면 최고 연 3.88%까지 금리가 상승합니다. 영업점 방문 창구 대기 필요 없이 스마트폰 모바일 앱이나 다이렉트 웹 페이지를 통해 비대면으로 즉시 개설할 수 있으며, 가입 대상은 개인 고객 및 사업자 소상공인까지 제한 조건 없이 누구나 참여 가능한 안전 고정금리 상품입니다.",https://naver.com_0181
10,SH수협은행,더블업 우대예금,연 3.49%,연 3.85%,스마트폰 모바일 앱 가입,개인 및 개인사업자 누구나 가입 가능,"이 금융 상품은 SH수협은행에서 운영 중인 '더블업 우대예금' 정기예금입니다. 기본적으로 보장되는 공시 금리는 현재 연 3.49%이며, 가입 이후 자동이체 연결 실적 1건 이상 충족 및 제휴 서비스 연동 시 우대 금리 적용 조건을 성립시키면 최고 연 3.85%까지 금리가 상승합니다. 영업점 방문 창구 대기 필요 없이 스마트폰 모바일 앱이나 다이렉트 웹 페이지를 통해 비대면으로 즉시 개설할 수 있으며, 가입 대상은 개인 고객 및 사업자 소상공인까지 제한 조건 없이 누구나 참여 가능한 안전 고정금리 상품입니다.",https://naver.com_0182
10,KB국민은행,꿈꾸는 목돈 정기예금,연 3.65%,연 3.82%,스마트폰 모바일 앱 가입,개인 및 개인사업자 누구나 가입 가능,"이 금융 상품은 KB국민은행에서 운영 중인 '꿈꾸는 목돈 정기예금' 정기예금입니다. 기본적으로 보장되는 공시 금리는 현재 연 3.65%이며, 가입 이후 스마트폰 마케팅 활용 전제 동의 및 오픈뱅킹 계좌 등록 완료 시 연 0.15% 가산 조건을 성립시키면 최고 연 3.82%까지 금리가 상승합니다. 영업점 방문 창구 대기 필요 없이 스마트폰 모바일 앱이나 다이렉트 웹 페이지를 통해 비대면으로 즉시 개설할 수 있으며, 가입 대상은 개인 고객 및 사업자 소상공인까지 제한 조건 없이 누구나 참여 가능한 안전 고정금리 상품입니다.",https://naver.com_0183
10,신한은행,행복 패밀리 예금,연 3.56%,연 3.73%,스마트폰 모바일 앱 가입,개인 및 개인사업자 누구나 가입 가능,"이 금융 상품은 신한은행에서 운영 중인 '행복 패밀리 예금' 정기예금입니다. 기본적으로 보장되는 공시 금리는 현재 연 3.56%이며, 가입 이후 해당 기관 체크카드 발급 후 실적 충족 시 우대 이율 연 0.3% 즉시 반영 조건을 성립시키면 최고 연 3.73%까지 금리가 상승합니다. 영업점 방문 창구 대기 필요 없이 스마트폰 모바일 앱이나 다이렉트 웹 페이지를 통해 비대면으로 즉시 개설할 수 있으며, 가입 대상은 개인 고객 및 사업자 소상공인까지 제한 조건 없이 누구나 참여 가능한 안전 고정금리 상품입니다.",https://naver.com_0184
10,하나은행,정기예금 (단리식),연 3.67%,연 3.84%,스마트폰 모바일 앱 가입,개인 및 개인사업자 누구나 가입 가능,"이 금융 상품은 하나은행에서 운영 중인 '정기예금 (단리식)' 정기예금입니다. 기본적으로 보장되는 공시 금리는 현재 연 3.67%이며, 가입 이후 해당 금융사 첫 거래 신규 고객 우대 연 0.2% 포함 조건을 성립시키면 최고 연 3.84%까지 금리가 상승합니다. 영업점 방문 창구 대기 필요 없이 스마트폰 모바일 앱이나 다이렉트 웹 페이지를 통해 비대면으로 즉시 개설할 수 있으며, 가입 대상은 개인 고객 및 사업자 소상공인까지 제한 조건 없이 누구나 참여 가능한 안전 고정금리 상품입니다.",https://naver.com_0185
10,NH농협은행,하나의 정기예금,연 3.73%,연 3.89%,스마트폰 모바일 앱 가입,개인 및 개인사업자 누구나 가입 가능,"이 금융 상품은 NH농협은행에서 운영 중인 '하나의 정기예금' 정기예금입니다. 기본적으로 보장되는 공시 금리는 현재 연 3.73%이며, 가입 이후 인터넷/모바일 스마트 패스 뱅킹을 통한 비대면 신규 가입 시 우대 금리 제공 조건을 성립시키면 최고 연 3.89%까지 금리가 상승합니다. 영업점 방문 창구 대기 필요 없이 스마트폰 모바일 앱이나 다이렉트 웹 페이지를 통해 비대면으로 즉시 개설할 수 있으며, 가입 대상은 개인 고객 및 사업자 소상공인까지 제한 조건 없이 누구나 참여 가능한 안전 고정금리 상품입니다.",https://naver.com_0186
10,IBK기업은행,머니박스 파킹 정기예금,연 3.78%,연 3.95%,스마트폰 모바일 앱 가입,개인 및 개인사업자 누구나 가입 가능,"이 금융 상품은 IBK기업은행에서 운영 중인 '머니박스 파킹 정기예금' 정기예금입니다. 기본적으로 보장되는 공시 금리는 현재 연 3.78%이며, 가입 이후 자동이체 연결 실적 1건 이상 충족 및 제휴 서비스 연동 시 우대 금리 적용 조건을 성립시키면 최고 연 3.95%까지 금리가 상승합니다. 영업점 방문 창구 대기 필요 없이 스마트폰 모바일 앱이나 다이렉트 웹 페이지를 통해 비대면으로 즉시 개설할 수 있으며, 가입 대상은 개인 고객 및 사업자 소상공인까지 제한 조건 없이 누구나 참여 가능한 안전 고정금리 상품입니다.",https://naver.com_0187
10,카카오뱅크,복리식 정기예금,연 3.82%,연 4.17%,스마트폰 모바일 앱 가입,개인 및 개인사업자 누구나 가입 가능,"이 금융 상품은 카카오뱅크에서 운영 중인 '복리식 정기예금' 정기예금입니다. 기본적으로 보장되는 공시 금리는 현재 연 3.82%이며, 가입 이후 모바일 앱 푸시 알림 동의 및 종이 통장 미발행 환경 보호 참여 시 우대 이율 추가 조건을 성립시키면 최고 연 4.17%까지 금리가 상승합니다. 영업점 방문 창구 대기 필요 없이 스마트폰 모바일 앱이나 다이렉트 웹 페이지를 통해 비대면으로 즉시 개설할 수 있으며, 가입 대상은 개인 고객 및 사업자 소상공인까지 제한 조건 없이 누구나 참여 가능한 안전 고정금리 상품입니다.",https://naver.com_0188
10,케이뱅크,e-그린세이브 예금,연 3.58%,연 3.83%,스마트폰 모바일 앱 가입,개인 및 개인사업자 누구나 가입 가능,"이 금융 상품은 케이뱅크에서 운영 중인 'e-그린세이브 예금' 정기예금입니다. 기본적으로 보장되는 공시 금리는 현재 연 3.58%이며, 가입 이후 스마트폰 마케팅 활용 전제 동의 및 오픈뱅킹 계좌 등록 완료 시 연 0.15% 가산 조건을 성립시키면 최고 연 3.83%까지 금리가 상승합니다. 영업점 방문 창구 대기 필요 없이 스마트폰 모바일 앱이나 다이렉트 웹 페이지를 통해 비대면으로 즉시 개설할 수 있으며, 가입 대상은 개인 고객 및 사업자 소상공인까지 제한 조건 없이 누구나 참여 가능한 안전 고정금리 상품입니다.",https://naver.com_0189
10,부산은행,ESG 사회공헌 예금,연 3.7%,연 3.88%,스마트폰 모바일 앱 가입,개인 및 개인사업자 누구나 가입 가능,"이 금융 상품은 부산은행에서 운영 중인 'ESG 사회공헌 예금' 정기예금입니다. 기본적으로 보장되는 공시 금리는 현재 연 3.7%이며, 가입 이후 스마트폰 마케팅 활용 전제 동의 및 오픈뱅킹 계좌 등록 완료 시 연 0.15% 가산 조건을 성립시키면 최고 연 3.88%까지 금리가 상승합니다. 영업점 방문 창구 대기 필요 없이 스마트폰 모바일 앱이나 다이렉트 웹 페이지를 통해 비대면으로 즉시 개설할 수 있으며, 가입 대상은 개인 고객 및 사업자 소상공인까지 제한 조건 없이 누구나 참여 가능한 안전 고정금리 상품입니다.",https://naver.com_0190
10,제주은행,복리식 정기예금,연 3.51%,연 3.8%,스마트폰 모바일 앱 가입,개인 및 개인사업자 누구나 가입 가능,"이 금융 상품은 제주은행에서 운영 중인 '복리식 정기예금' 정기예금입니다. 기본적으로 보장되는 공시 금리는 현재 연 3.51%이며, 가입 이후 모바일 앱 푸시 알림 동의 및 종이 통장 미발행 환경 보호 참여 시 우대 이율 추가 조건을 성립시키면 최고 연 3.8%까지 금리가 상승합니다. 영업점 방문 창구 대기 필요 없이 스마트폰 모바일 앱이나 다이렉트 웹 페이지를 통해 비대면으로 즉시 개설할 수 있으며, 가입 대상은 개인 고객 및 사업자 소상공인까지 제한 조건 없이 누구나 참여 가능한 안전 고정금리 상품입니다.",https://naver.com_0191
10,경남은행,시니어 연금형 예금,연 3.32%,연 3.62%,스마트폰 모바일 앱 가입,개인 및 개인사업자 누구나 가입 가능,"이 금융 상품은 경남은행에서 운영 중인 '시니어 연금형 예금' 정기예금입니다. 기본적으로 보장되는 공시 금리는 현재 연 3.32%이며, 가입 이후 해당 금융사 첫 거래 신규 고객 우대 연 0.2% 포함 조건을 성립시키면 최고 연 3.62%까지 금리가 상승합니다. 영업점 방문 창구 대기 필요 없이 스마트폰 모바일 앱이나 다이렉트 웹 페이지를 통해 비대면으로 즉시 개설할 수 있으며, 가입 대상은 개인 고객 및 사업자 소상공인까지 제한 조건 없이 누구나 참여 가능한 안전 고정금리 상품입니다.",https://naver.com_0192
10,전북은행,쏠편한 정기예금,연 3.64%,연 4.05%,스마트폰 모바일 앱 가입,개인 및 개인사업자 누구나 가입 가능,"이 금융 상품은 전북은행에서 운영 중인 '쏠편한 정기예금' 정기예금입니다. 기본적으로 보장되는 공시 금리는 현재 연 3.64%이며, 가입 이후 해당 기관 체크카드 발급 후 실적 충족 시 우대 이율 연 0.3% 즉시 반영 조건을 성립시키면 최고 연 4.05%까지 금리가 상승합니다. 영업점 방문 창구 대기 필요 없이 스마트폰 모바일 앱이나 다이렉트 웹 페이지를 통해 비대면으로 즉시 개설할 수 있으며, 가입 대상은 개인 고객 및 사업자 소상공인까지 제한 조건 없이 누구나 참여 가능한 안전 고정금리 상품입니다.",https://naver.com_0193
10,KDB산업은행,기업상생 파트너 예금,연 3.81%,연 4.19%,스마트폰 모바일 앱 가입,개인 및 개인사업자 누구나 가입 가능,"이 금융 상품은 KDB산업은행에서 운영 중인 '기업상생 파트너 예금' 정기예금입니다. 기본적으로 보장되는 공시 금리는 현재 연 3.81%이며, 가입 이후 인터넷/모바일 스마트 패스 뱅킹을 통한 비대면 신규 가입 시 우대 금리 제공 조건을 성립시키면 최고 연 4.19%까지 금리가 상승합니다. 영업점 방문 창구 대기 필요 없이 스마트폰 모바일 앱이나 다이렉트 웹 페이지를 통해 비대면으로 즉시 개설할 수 있으며, 가입 대상은 개인 고객 및 사업자 소상공인까지 제한 조건 없이 누구나 참여 가능한 안전 고정금리 상품입니다.",https://naver.com_0194
10,SBI저축은행,내집마련 정기예금,연 3.74%,연 3.9%,스마트폰 모바일 앱 가입,개인 및 개인사업자 누구나 가입 가능,"이 금융 상품은 SBI저축은행에서 운영 중인 '내집마련 정기예금' 정기예금입니다. 기본적으로 보장되는 공시 금리는 현재 연 3.74%이며, 가입 이후 자동이체 연결 실적 1건 이상 충족 및 제휴 서비스 연동 시 우대 금리 적용 조건을 성립시키면 최고 연 3.9%까지 금리가 상승합니다. 영업점 방문 창구 대기 필요 없이 스마트폰 모바일 앱이나 다이렉트 웹 페이지를 통해 비대면으로 즉시 개설할 수 있으며, 가입 대상은 개인 고객 및 사업자 소상공인까지 제한 조건 없이 누구나 참여 가능한 안전 고정금리 상품입니다.",https://naver.com_0195
10,OK저축은행,회전식 정기예금,연 3.77%,연 3.99%,스마트폰 모바일 앱 가입,개인 및 개인사업자 누구나 가입 가능,"이 금융 상품은 OK저축은행에서 운영 중인 '회전식 정기예금' 정기예금입니다. 기본적으로 보장되는 공시 금리는 현재 연 3.77%이며, 가입 이후 해당 기관 체크카드 발급 후 실적 충족 시 우대 이율 연 0.3% 즉시 반영 조건을 성립시키면 최고 연 3.99%까지 금리가 상승합니다. 영업점 방문 창구 대기 필요 없이 스마트폰 모바일 앱이나 다이렉트 웹 페이지를 통해 비대면으로 즉시 개설할 수 있으며, 가입 대상은 개인 고객 및 사업자 소상공인까지 제한 조건 없이 누구나 참여 가능한 안전 고정금리 상품입니다.",https://naver.com_0196
10,한국투자저축은행,시니어 연금형 예금,연 3.56%,연 3.84%,스마트폰 모바일 앱 가입,개인 및 개인사업자 누구나 가입 가능,"이 금융 상품은 한국투자저축은행에서 운영 중인 '시니어 연금형 예금' 정기예금입니다. 기본적으로 보장되는 공시 금리는 현재 연 3.56%이며, 가입 이후 해당 기관 체크카드 발급 후 실적 충족 시 우대 이율 연 0.3% 즉시 반영 조건을 성립시키면 최고 연 3.84%까지 금리가 상승합니다. 영업점 방문 창구 대기 필요 없이 스마트폰 모바일 앱이나 다이렉트 웹 페이지를 통해 비대면으로 즉시 개설할 수 있으며, 가입 대상은 개인 고객 및 사업자 소상공인까지 제한 조건 없이 누구나 참여 가능한 안전 고정금리 상품입니다.",https://naver.com_0197
10,다올저축은행,스타트 정기예탁금,연 3.36%,연 3.52%,스마트폰 모바일 앱 가입,개인 및 개인사업자 누구나 가입 가능,"이 금융 상품은 다올저축은행에서 운영 중인 '스타트 정기예탁금' 정기예금입니다. 기본적으로 보장되는 공시 금리는 현재 연 3.36%이며, 가입 이후 급여 이체 실적 및 신용카드 3개월 이용 결제 실적 충족 시 최고 금리 적용 조건을 성립시키면 최고 연 3.52%까지 금리가 상승합니다. 영업점 방문 창구 대기 필요 없이 스마트폰 모바일 앱이나 다이렉트 웹 페이지를 통해 비대면으로 즉시 개설할 수 있으며, 가입 대상은 개인 고객 및 사업자 소상공인까지 제한 조건 없이 누구나 참여 가능한 안전 고정금리 상품입니다.",https://naver.com_0198
10,신한저축은행,더블업 우대예금,연 3.31%,연 3.64%,스마트폰 모바일 앱 가입,개인 및 개인사업자 누구나 가입 가능,"이 금융 상품은 신한저축은행에서 운영 중인 '더블업 우대예금' 정기예금입니다. 기본적으로 보장되는 공시 금리는 현재 연 3.31%이며, 가입 이후 해당 금융사 첫 거래 신규 고객 우대 연 0.2% 포함 조건을 성립시키면 최고 연 3.64%까지 금리가 상승합니다. 영업점 방문 창구 대기 필요 없이 스마트폰 모바일 앱이나 다이렉트 웹 페이지를 통해 비대면으로 즉시 개설할 수 있으며, 가입 대상은 개인 고객 및 사업자 소상공인까지 제한 조건 없이 누구나 참여 가능한 안전 고정금리 상품입니다.",https://naver.com_0199
11,하나저축은행,내집마련 정기예금,연 3.54%,연 3.77%,스마트폰 모바일 앱 가입,개인 및 개인사업자 누구나 가입 가능,"이 금융 상품은 하나저축은행에서 운영 중인 '내집마련 정기예금' 정기예금입니다. 기본적으로 보장되는 공시 금리는 현재 연 3.54%이며, 가입 이후 공동구매 형식으로 일정 기간 내 특정 모집 금액대 달성 시 추가 이율 제공 조건을 성립시키면 최고 연 3.77%까지 금리가 상승합니다. 영업점 방문 창구 대기 필요 없이 스마트폰 모바일 앱이나 다이렉트 웹 페이지를 통해 비대면으로 즉시 개설할 수 있으며, 가입 대상은 개인 고객 및 사업자 소상공인까지 제한 조건 없이 누구나 참여 가능한 안전 고정금리 상품입니다.",https://naver.com_0200
11,모아저축은행,직장인 목돈 굴리기,연 3.79%,연 3.95%,스마트폰 모바일 앱 가입,개인 및 개인사업자 누구나 가입 가능,"이 금융 상품은 모아저축은행에서 운영 중인 '직장인 목돈 굴리기' 정기예금입니다. 기본적으로 보장되는 공시 금리는 현재 연 3.79%이며, 가입 이후 모바일 앱 푸시 알림 동의 및 종이 통장 미발행 환경 보호 참여 시 우대 이율 추가 조건을 성립시키면 최고 연 3.95%까지 금리가 상승합니다. 영업점 방문 창구 대기 필요 없이 스마트폰 모바일 앱이나 다이렉트 웹 페이지를 통해 비대면으로 즉시 개설할 수 있으며, 가입 대상은 개인 고객 및 사업자 소상공인까지 제한 조건 없이 누구나 참여 가능한 안전 고정금리 상품입니다.",https://naver.com_0201
11,중앙신협,비대면 모바일 정기예금,연 3.51%,연 3.84%,스마트폰 모바일 앱 가입,개인 및 개인사업자 누구나 가입 가능,"이 금융 상품은 중앙신협에서 운영 중인 '비대면 모바일 정기예금' 정기예금입니다. 기본적으로 보장되는 공시 금리는 현재 연 3.51%이며, 가입 이후 모바일 앱 푸시 알림 동의 및 종이 통장 미발행 환경 보호 참여 시 우대 이율 추가 조건을 성립시키면 최고 연 3.84%까지 금리가 상승합니다. 영업점 방문 창구 대기 필요 없이 스마트폰 모바일 앱이나 다이렉트 웹 페이지를 통해 비대면으로 즉시 개설할 수 있으며, 가입 대상은 개인 고객 및 사업자 소상공인까지 제한 조건 없이 누구나 참여 가능한 안전 고정금리 상품입니다.",https://naver.com_0202
11,동대문신협,코드하나 정기예탁금,연 3.74%,연 3.91%,스마트폰 모바일 앱 가입,개인 및 개인사업자 누구나 가입 가능,"이 금융 상품은 동대문신협에서 운영 중인 '코드하나 정기예탁금' 정기예금입니다. 기본적으로 보장되는 공시 금리는 현재 연 3.74%이며, 가입 이후 급여 이체 실적 및 신용카드 3개월 이용 결제 실적 충족 시 최고 금리 적용 조건을 성립시키면 최고 연 3.91%까지 금리가 상승합니다. 영업점 방문 창구 대기 필요 없이 스마트폰 모바일 앱이나 다이렉트 웹 페이지를 통해 비대면으로 즉시 개설할 수 있으며, 가입 대상은 개인 고객 및 사업자 소상공인까지 제한 조건 없이 누구나 참여 가능한 안전 고정금리 상품입니다.",https://naver.com_0203
11,부산원광신협,비대면 모바일 정기예금,연 3.64%,연 3.93%,스마트폰 모바일 앱 가입,개인 및 개인사업자 누구나 가입 가능,"이 금융 상품은 부산원광신협에서 운영 중인 '비대면 모바일 정기예금' 정기예금입니다. 기본적으로 보장되는 공시 금리는 현재 연 3.64%이며, 가입 이후 해당 기관 체크카드 발급 후 실적 충족 시 우대 이율 연 0.3% 즉시 반영 조건을 성립시키면 최고 연 3.93%까지 금리가 상승합니다. 영업점 방문 창구 대기 필요 없이 스마트폰 모바일 앱이나 다이렉트 웹 페이지를 통해 비대면으로 즉시 개설할 수 있으며, 가입 대상은 개인 고객 및 사업자 소상공인까지 제한 조건 없이 누구나 참여 가능한 안전 고정금리 상품입니다.",https://naver.com_0204
11,대구대서신협,스타트 정기예탁금,연 3.85%,연 4.22%,스마트폰 모바일 앱 가입,개인 및 개인사업자 누구나 가입 가능,"이 금융 상품은 대구대서신협에서 운영 중인 '스타트 정기예탁금' 정기예금입니다. 기본적으로 보장되는 공시 금리는 현재 연 3.85%이며, 가입 이후 스마트폰 마케팅 활용 전제 동의 및 오픈뱅킹 계좌 등록 완료 시 연 0.15% 가산 조건을 성립시키면 최고 연 4.22%까지 금리가 상승합니다. 영업점 방문 창구 대기 필요 없이 스마트폰 모바일 앱이나 다이렉트 웹 페이지를 통해 비대면으로 즉시 개설할 수 있으며, 가입 대상은 개인 고객 및 사업자 소상공인까지 제한 조건 없이 누구나 참여 가능한 안전 고정금리 상품입니다.",https://naver.com_0205
11,SH수협은행,쏠편한 정기예금,연 3.49%,연 3.78%,스마트폰 모바일 앱 가입,개인 및 개인사업자 누구나 가입 가능,"이 금융 상품은 SH수협은행에서 운영 중인 '쏠편한 정기예금' 정기예금입니다. 기본적으로 보장되는 공시 금리는 현재 연 3.49%이며, 가입 이후 자동이체 연결 실적 1건 이상 충족 및 제휴 서비스 연동 시 우대 금리 적용 조건을 성립시키면 최고 연 3.78%까지 금리가 상승합니다. 영업점 방문 창구 대기 필요 없이 스마트폰 모바일 앱이나 다이렉트 웹 페이지를 통해 비대면으로 즉시 개설할 수 있으며, 가입 대상은 개인 고객 및 사업자 소상공인까지 제한 조건 없이 누구나 참여 가능한 안전 고정금리 상품입니다.",https://naver.com_0206
11,하나은행,기업상생 파트너 예금,연 3.66%,연 3.96%,스마트폰 모바일 앱 가입,개인 및 개인사업자 누구나 가입 가능,"이 금융 상품은 하나은행에서 운영 중인 '기업상생 파트너 예금' 정기예금입니다. 기본적으로 보장되는 공시 금리는 현재 연 3.66%이며, 가입 이후 모바일 앱 푸시 알림 동의 및 종이 통장 미발행 환경 보호 참여 시 우대 이율 추가 조건을 성립시키면 최고 연 3.96%까지 금리가 상승합니다. 영업점 방문 창구 대기 필요 없이 스마트폰 모바일 앱이나 다이렉트 웹 페이지를 통해 비대면으로 즉시 개설할 수 있으며, 가입 대상은 개인 고객 및 사업자 소상공인까지 제한 조건 없이 누구나 참여 가능한 안전 고정금리 상품입니다.",https://naver.com_0207
11,IBK기업은행,꿈꾸는 목돈 정기예금,연 3.42%,연 3.69%,스마트폰 모바일 앱 가입,개인 및 개인사업자 누구나 가입 가능,"이 금융 상품은 IBK기업은행에서 운영 중인 '꿈꾸는 목돈 정기예금' 정기예금입니다. 기본적으로 보장되는 공시 금리는 현재 연 3.42%이며, 가입 이후 해당 금융사 첫 거래 신규 고객 우대 연 0.2% 포함 조건을 성립시키면 최고 연 3.69%까지 금리가 상승합니다. 영업점 방문 창구 대기 필요 없이 스마트폰 모바일 앱이나 다이렉트 웹 페이지를 통해 비대면으로 즉시 개설할 수 있으며, 가입 대상은 개인 고객 및 사업자 소상공인까지 제한 조건 없이 누구나 참여 가능한 안전 고정금리 상품입니다.",https://naver.com_0208
11,카카오뱅크,꿈꾸는 목돈 정기예금,연 3.37%,연 3.64%,스마트폰 모바일 앱 가입,개인 및 개인사업자 누구나 가입 가능,"이 금융 상품은 카카오뱅크에서 운영 중인 '꿈꾸는 목돈 정기예금' 정기예금입니다. 기본적으로 보장되는 공시 금리는 현재 연 3.37%이며, 가입 이후 급여 이체 실적 및 신용카드 3개월 이용 결제 실적 충족 시 최고 금리 적용 조건을 성립시키면 최고 연 3.64%까지 금리가 상승합니다. 영업점 방문 창구 대기 필요 없이 스마트폰 모바일 앱이나 다이렉트 웹 페이지를 통해 비대면으로 즉시 개설할 수 있으며, 가입 대상은 개인 고객 및 사업자 소상공인까지 제한 조건 없이 누구나 참여 가능한 안전 고정금리 상품입니다.",https://naver.com_0209
11,토스뱅크,플러스 박스 예금,연 3.67%,연 3.84%,스마트폰 모바일 앱 가입,개인 및 개인사업자 누구나 가입 가능,"이 금융 상품은 토스뱅크에서 운영 중인 '플러스 박스 예금' 정기예금입니다. 기본적으로 보장되는 공시 금리는 현재 연 3.67%이며, 가입 이후 해당 기관 체크카드 발급 후 실적 충족 시 우대 이율 연 0.3% 즉시 반영 조건을 성립시키면 최고 연 3.84%까지 금리가 상승합니다. 영업점 방문 창구 대기 필요 없이 스마트폰 모바일 앱이나 다이렉트 웹 페이지를 통해 비대면으로 즉시 개설할 수 있으며, 가입 대상은 개인 고객 및 사업자 소상공인까지 제한 조건 없이 누구나 참여 가능한 안전 고정금리 상품입니다.",https://naver.com_0210
11,케이뱅크,내집마련 정기예금,연 3.46%,연 3.88%,스마트폰 모바일 앱 가입,개인 및 개인사업자 누구나 가입 가능,"이 금융 상품은 케이뱅크에서 운영 중인 '내집마련 정기예금' 정기예금입니다. 기본적으로 보장되는 공시 금리는 현재 연 3.46%이며, 가입 이후 인터넷/모바일 스마트 패스 뱅킹을 통한 비대면 신규 가입 시 우대 금리 제공 조건을 성립시키면 최고 연 3.88%까지 금리가 상승합니다. 영업점 방문 창구 대기 필요 없이 스마트폰 모바일 앱이나 다이렉트 웹 페이지를 통해 비대면으로 즉시 개설할 수 있으며, 가입 대상은 개인 고객 및 사업자 소상공인까지 제한 조건 없이 누구나 참여 가능한 안전 고정금리 상품입니다.",https://naver.com_0211
11,SC제일은행,플러스 박스 예금,연 3.79%,연 4.17%,스마트폰 모바일 앱 가입,개인 및 개인사업자 누구나 가입 가능,"이 금융 상품은 SC제일은행에서 운영 중인 '플러스 박스 예금' 정기예금입니다. 기본적으로 보장되는 공시 금리는 현재 연 3.79%이며, 가입 이후 해당 기관 체크카드 발급 후 실적 충족 시 우대 이율 연 0.3% 즉시 반영 조건을 성립시키면 최고 연 4.17%까지 금리가 상승합니다. 영업점 방문 창구 대기 필요 없이 스마트폰 모바일 앱이나 다이렉트 웹 페이지를 통해 비대면으로 즉시 개설할 수 있으며, 가입 대상은 개인 고객 및 사업자 소상공인까지 제한 조건 없이 누구나 참여 가능한 안전 고정금리 상품입니다.",https://naver.com_0212
11,부산은행,쏠편한 정기예금,연 3.32%,연 3.57%,스마트폰 모바일 앱 가입,개인 및 개인사업자 누구나 가입 가능,"이 금융 상품은 부산은행에서 운영 중인 '쏠편한 정기예금' 정기예금입니다. 기본적으로 보장되는 공시 금리는 현재 연 3.32%이며, 가입 이후 해당 기관 체크카드 발급 후 실적 충족 시 우대 이율 연 0.3% 즉시 반영 조건을 성립시키면 최고 연 3.57%까지 금리가 상승합니다. 영업점 방문 창구 대기 필요 없이 스마트폰 모바일 앱이나 다이렉트 웹 페이지를 통해 비대면으로 즉시 개설할 수 있으며, 가입 대상은 개인 고객 및 사업자 소상공인까지 제한 조건 없이 누구나 참여 가능한 안전 고정금리 상품입니다.",https://naver.com_0213
11,광주은행,행복 패밀리 예금,연 3.62%,연 3.85%,스마트폰 모바일 앱 가입,개인 및 개인사업자 누구나 가입 가능,"이 금융 상품은 광주은행에서 운영 중인 '행복 패밀리 예금' 정기예금입니다. 기본적으로 보장되는 공시 금리는 현재 연 3.62%이며, 가입 이후 해당 기관 체크카드 발급 후 실적 충족 시 우대 이율 연 0.3% 즉시 반영 조건을 성립시키면 최고 연 3.85%까지 금리가 상승합니다. 영업점 방문 창구 대기 필요 없이 스마트폰 모바일 앱이나 다이렉트 웹 페이지를 통해 비대면으로 즉시 개설할 수 있으며, 가입 대상은 개인 고객 및 사업자 소상공인까지 제한 조건 없이 누구나 참여 가능한 안전 고정금리 상품입니다.",https://naver.com_0214
11,제주은행,기업상생 파트너 예금,연 3.74%,연 4.12%,스마트폰 모바일 앱 가입,개인 및 개인사업자 누구나 가입 가능,"이 금융 상품은 제주은행에서 운영 중인 '기업상생 파트너 예금' 정기예금입니다. 기본적으로 보장되는 공시 금리는 현재 연 3.74%이며, 가입 이후 스마트폰 마케팅 활용 전제 동의 및 오픈뱅킹 계좌 등록 완료 시 연 0.15% 가산 조건을 성립시키면 최고 연 4.12%까지 금리가 상승합니다. 영업점 방문 창구 대기 필요 없이 스마트폰 모바일 앱이나 다이렉트 웹 페이지를 통해 비대면으로 즉시 개설할 수 있으며, 가입 대상은 개인 고객 및 사업자 소상공인까지 제한 조건 없이 누구나 참여 가능한 안전 고정금리 상품입니다.",https://naver.com_0215
11,경남은행,더블업 우대예금,연 3.54%,연 3.99%,스마트폰 모바일 앱 가입,개인 및 개인사업자 누구나 가입 가능,"이 금융 상품은 경남은행에서 운영 중인 '더블업 우대예금' 정기예금입니다. 기본적으로 보장되는 공시 금리는 현재 연 3.54%이며, 가입 이후 모바일 앱 푸시 알림 동의 및 종이 통장 미발행 환경 보호 참여 시 우대 이율 추가 조건을 성립시키면 최고 연 3.99%까지 금리가 상승합니다. 영업점 방문 창구 대기 필요 없이 스마트폰 모바일 앱이나 다이렉트 웹 페이지를 통해 비대면으로 즉시 개설할 수 있으며, 가입 대상은 개인 고객 및 사업자 소상공인까지 제한 조건 없이 누구나 참여 가능한 안전 고정금리 상품입니다.",https://naver.com_0216
11,전북은행,정기예금 (단리식),연 3.4%,연 3.63%,스마트폰 모바일 앱 가입,개인 및 개인사업자 누구나 가입 가능,"이 금융 상품은 전북은행에서 운영 중인 '정기예금 (단리식)' 정기예금입니다. 기본적으로 보장되는 공시 금리는 현재 연 3.4%이며, 가입 이후 해당 기관 체크카드 발급 후 실적 충족 시 우대 이율 연 0.3% 즉시 반영 조건을 성립시키면 최고 연 3.63%까지 금리가 상승합니다. 영업점 방문 창구 대기 필요 없이 스마트폰 모바일 앱이나 다이렉트 웹 페이지를 통해 비대면으로 즉시 개설할 수 있으며, 가입 대상은 개인 고객 및 사업자 소상공인까지 제한 조건 없이 누구나 참여 가능한 안전 고정금리 상품입니다.",https://naver.com_0217
11,KDB산업은행,내집마련 정기예금,연 3.79%,연 3.96%,스마트폰 모바일 앱 가입,개인 및 개인사업자 누구나 가입 가능,"이 금융 상품은 KDB산업은행에서 운영 중인 '내집마련 정기예금' 정기예금입니다. 기본적으로 보장되는 공시 금리는 현재 연 3.79%이며, 가입 이후 인터넷/모바일 스마트 패스 뱅킹을 통한 비대면 신규 가입 시 우대 금리 제공 조건을 성립시키면 최고 연 3.96%까지 금리가 상승합니다. 영업점 방문 창구 대기 필요 없이 스마트폰 모바일 앱이나 다이렉트 웹 페이지를 통해 비대면으로 즉시 개설할 수 있으며, 가입 대상은 개인 고객 및 사업자 소상공인까지 제한 조건 없이 누구나 참여 가능한 안전 고정금리 상품입니다.",https://naver.com_0218
11,웰컴저축은행,스타트 정기예탁금,연 3.32%,연 3.62%,스마트폰 모바일 앱 가입,개인 및 개인사업자 누구나 가입 가능,"이 금융 상품은 웰컴저축은행에서 운영 중인 '스타트 정기예탁금' 정기예금입니다. 기본적으로 보장되는 공시 금리는 현재 연 3.32%이며, 가입 이후 공동구매 형식으로 일정 기간 내 특정 모집 금액대 달성 시 추가 이율 제공 조건을 성립시키면 최고 연 3.62%까지 금리가 상승합니다. 영업점 방문 창구 대기 필요 없이 스마트폰 모바일 앱이나 다이렉트 웹 페이지를 통해 비대면으로 즉시 개설할 수 있으며, 가입 대상은 개인 고객 및 사업자 소상공인까지 제한 조건 없이 누구나 참여 가능한 안전 고정금리 상품입니다.",https://naver.com_0219
12,SBI저축은행,하나의 정기예금,연 3.62%,연 3.92%,스마트폰 모바일 앱 가입,개인 및 개인사업자 누구나 가입 가능,"이 금융 상품은 SBI저축은행에서 운영 중인 '하나의 정기예금' 정기예금입니다. 기본적으로 보장되는 공시 금리는 현재 연 3.62%이며, 가입 이후 급여 이체 실적 및 신용카드 3개월 이용 결제 실적 충족 시 최고 금리 적용 조건을 성립시키면 최고 연 3.92%까지 금리가 상승합니다. 영업점 방문 창구 대기 필요 없이 스마트폰 모바일 앱이나 다이렉트 웹 페이지를 통해 비대면으로 즉시 개설할 수 있으며, 가입 대상은 개인 고객 및 사업자 소상공인까지 제한 조건 없이 누구나 참여 가능한 안전 고정금리 상품입니다.",https://naver.com_0220
12,OK저축은행,ESG 사회공헌 예금,연 3.63%,연 3.81%,스마트폰 모바일 앱 가입,개인 및 개인사업자 누구나 가입 가능,"이 금융 상품은 OK저축은행에서 운영 중인 'ESG 사회공헌 예금' 정기예금입니다. 기본적으로 보장되는 공시 금리는 현재 연 3.63%이며, 가입 이후 인터넷/모바일 스마트 패스 뱅킹을 통한 비대면 신규 가입 시 우대 금리 제공 조건을 성립시키면 최고 연 3.81%까지 금리가 상승합니다. 영업점 방문 창구 대기 필요 없이 스마트폰 모바일 앱이나 다이렉트 웹 페이지를 통해 비대면으로 즉시 개설할 수 있으며, 가입 대상은 개인 고객 및 사업자 소상공인까지 제한 조건 없이 누구나 참여 가능한 안전 고정금리 상품입니다.",https://naver.com_0221
12,페퍼저축은행,첫만남 우대예금,연 3.51%,연 3.92%,스마트폰 모바일 앱 가입,개인 및 개인사업자 누구나 가입 가능,"이 금융 상품은 페퍼저축은행에서 운영 중인 '첫만남 우대예금' 정기예금입니다. 기본적으로 보장되는 공시 금리는 현재 연 3.51%이며, 가입 이후 자동이체 연결 실적 1건 이상 충족 및 제휴 서비스 연동 시 우대 금리 적용 조건을 성립시키면 최고 연 3.92%까지 금리가 상승합니다. 영업점 방문 창구 대기 필요 없이 스마트폰 모바일 앱이나 다이렉트 웹 페이지를 통해 비대면으로 즉시 개설할 수 있으며, 가입 대상은 개인 고객 및 사업자 소상공인까지 제한 조건 없이 누구나 참여 가능한 안전 고정금리 상품입니다.",https://naver.com_0222
12,한국투자저축은행,내집마련 정기예금,연 3.49%,연 3.92%,스마트폰 모바일 앱 가입,개인 및 개인사업자 누구나 가입 가능,"이 금융 상품은 한국투자저축은행에서 운영 중인 '내집마련 정기예금' 정기예금입니다. 기본적으로 보장되는 공시 금리는 현재 연 3.49%이며, 가입 이후 해당 기관 체크카드 발급 후 실적 충족 시 우대 이율 연 0.3% 즉시 반영 조건을 성립시키면 최고 연 3.92%까지 금리가 상승합니다. 영업점 방문 창구 대기 필요 없이 스마트폰 모바일 앱이나 다이렉트 웹 페이지를 통해 비대면으로 즉시 개설할 수 있으며, 가입 대상은 개인 고객 및 사업자 소상공인까지 제한 조건 없이 누구나 참여 가능한 안전 고정금리 상품입니다.",https://naver.com_0223
12,다올저축은행,한도제한 없는 예금,연 3.46%,연 3.89%,스마트폰 모바일 앱 가입,개인 및 개인사업자 누구나 가입 가능,"이 금융 상품은 다올저축은행에서 운영 중인 '한도제한 없는 예금' 정기예금입니다. 기본적으로 보장되는 공시 금리는 현재 연 3.46%이며, 가입 이후 공동구매 형식으로 일정 기간 내 특정 모집 금액대 달성 시 추가 이율 제공 조건을 성립시키면 최고 연 3.89%까지 금리가 상승합니다. 영업점 방문 창구 대기 필요 없이 스마트폰 모바일 앱이나 다이렉트 웹 페이지를 통해 비대면으로 즉시 개설할 수 있으며, 가입 대상은 개인 고객 및 사업자 소상공인까지 제한 조건 없이 누구나 참여 가능한 안전 고정금리 상품입니다.",https://naver.com_0224
12,신한저축은행,행복 패밀리 예금,연 3.82%,연 4.16%,스마트폰 모바일 앱 가입,개인 및 개인사업자 누구나 가입 가능,"이 금융 상품은 신한저축은행에서 운영 중인 '행복 패밀리 예금' 정기예금입니다. 기본적으로 보장되는 공시 금리는 현재 연 3.82%이며, 가입 이후 인터넷/모바일 스마트 패스 뱅킹을 통한 비대면 신규 가입 시 우대 금리 제공 조건을 성립시키면 최고 연 4.16%까지 금리가 상승합니다. 영업점 방문 창구 대기 필요 없이 스마트폰 모바일 앱이나 다이렉트 웹 페이지를 통해 비대면으로 즉시 개설할 수 있으며, 가입 대상은 개인 고객 및 사업자 소상공인까지 제한 조건 없이 누구나 참여 가능한 안전 고정금리 상품입니다.",https://naver.com_0225
12,하나저축은행,쏠편한 정기예금,연 3.35%,연 3.64%,스마트폰 모바일 앱 가입,개인 및 개인사업자 누구나 가입 가능,"이 금융 상품은 하나저축은행에서 운영 중인 '쏠편한 정기예금' 정기예금입니다. 기본적으로 보장되는 공시 금리는 현재 연 3.35%이며, 가입 이후 모바일 앱 푸시 알림 동의 및 종이 통장 미발행 환경 보호 참여 시 우대 이율 추가 조건을 성립시키면 최고 연 3.64%까지 금리가 상승합니다. 영업점 방문 창구 대기 필요 없이 스마트폰 모바일 앱이나 다이렉트 웹 페이지를 통해 비대면으로 즉시 개설할 수 있으며, 가입 대상은 개인 고객 및 사업자 소상공인까지 제한 조건 없이 누구나 참여 가능한 안전 고정금리 상품입니다.",https://naver.com_0226
12,KB저축은행,SB톡톡 정기예금,연 3.33%,연 3.69%,스마트폰 모바일 앱 가입,개인 및 개인사업자 누구나 가입 가능,"이 금융 상품은 KB저축은행에서 운영 중인 'SB톡톡 정기예금' 정기예금입니다. 기본적으로 보장되는 공시 금리는 현재 연 3.33%이며, 가입 이후 스마트폰 마케팅 활용 전제 동의 및 오픈뱅킹 계좌 등록 완료 시 연 0.15% 가산 조건을 성립시키면 최고 연 3.69%까지 금리가 상승합니다. 영업점 방문 창구 대기 필요 없이 스마트폰 모바일 앱이나 다이렉트 웹 페이지를 통해 비대면으로 즉시 개설할 수 있으며, 가입 대상은 개인 고객 및 사업자 소상공인까지 제한 조건 없이 누구나 참여 가능한 안전 고정금리 상품입니다.",https://naver.com_0227
12,모아저축은행,내집마련 정기예금,연 3.7%,연 4.12%,스마트폰 모바일 앱 가입,개인 및 개인사업자 누구나 가입 가능,"이 금융 상품은 모아저축은행에서 운영 중인 '내집마련 정기예금' 정기예금입니다. 기본적으로 보장되는 공시 금리는 현재 연 3.7%이며, 가입 이후 자동이체 연결 실적 1건 이상 충족 및 제휴 서비스 연동 시 우대 금리 적용 조건을 성립시키면 최고 연 4.12%까지 금리가 상승합니다. 영업점 방문 창구 대기 필요 없이 스마트폰 모바일 앱이나 다이렉트 웹 페이지를 통해 비대면으로 즉시 개설할 수 있으며, 가입 대상은 개인 고객 및 사업자 소상공인까지 제한 조건 없이 누구나 참여 가능한 안전 고정금리 상품입니다.",https://naver.com_0228
12,중앙신협,ESG 사회공헌 예금,연 3.35%,연 3.79%,스마트폰 모바일 앱 가입,개인 및 개인사업자 누구나 가입 가능,"이 금융 상품은 중앙신협에서 운영 중인 'ESG 사회공헌 예금' 정기예금입니다. 기본적으로 보장되는 공시 금리는 현재 연 3.35%이며, 가입 이후 모바일 앱 푸시 알림 동의 및 종이 통장 미발행 환경 보호 참여 시 우대 이율 추가 조건을 성립시키면 최고 연 3.79%까지 금리가 상승합니다. 영업점 방문 창구 대기 필요 없이 스마트폰 모바일 앱이나 다이렉트 웹 페이지를 통해 비대면으로 즉시 개설할 수 있으며, 가입 대상은 개인 고객 및 사업자 소상공인까지 제한 조건 없이 누구나 참여 가능한 안전 고정금리 상품입니다.",https://naver.com_0229
12,동대문신협,기업상생 파트너 예금,연 3.88%,연 4.23%,스마트폰 모바일 앱 가입,개인 및 개인사업자 누구나 가입 가능,"이 금융 상품은 동대문신협에서 운영 중인 '기업상생 파트너 예금' 정기예금입니다. 기본적으로 보장되는 공시 금리는 현재 연 3.88%이며, 가입 이후 해당 금융사 첫 거래 신규 고객 우대 연 0.2% 포함 조건을 성립시키면 최고 연 4.23%까지 금리가 상승합니다. 영업점 방문 창구 대기 필요 없이 스마트폰 모바일 앱이나 다이렉트 웹 페이지를 통해 비대면으로 즉시 개설할 수 있으며, 가입 대상은 개인 고객 및 사업자 소상공인까지 제한 조건 없이 누구나 참여 가능한 안전 고정금리 상품입니다.",https://naver.com_0230
12,대구대서신협,코드하나 정기예탁금,연 3.86%,연 4.12%,스마트폰 모바일 앱 가입,개인 및 개인사업자 누구나 가입 가능,"이 금융 상품은 대구대서신협에서 운영 중인 '코드하나 정기예탁금' 정기예금입니다. 기본적으로 보장되는 공시 금리는 현재 연 3.86%이며, 가입 이후 공동구매 형식으로 일정 기간 내 특정 모집 금액대 달성 시 추가 이율 제공 조건을 성립시키면 최고 연 4.12%까지 금리가 상승합니다. 영업점 방문 창구 대기 필요 없이 스마트폰 모바일 앱이나 다이렉트 웹 페이지를 통해 비대면으로 즉시 개설할 수 있으며, 가입 대상은 개인 고객 및 사업자 소상공인까지 제한 조건 없이 누구나 참여 가능한 안전 고정금리 상품입니다.",https://naver.com_0231
12,SH수협은행,내집마련 정기예금,연 3.64%,연 3.84%,스마트폰 모바일 앱 가입,개인 및 개인사업자 누구나 가입 가능,"이 금융 상품은 SH수협은행에서 운영 중인 '내집마련 정기예금' 정기예금입니다. 기본적으로 보장되는 공시 금리는 현재 연 3.64%이며, 가입 이후 인터넷/모바일 스마트 패스 뱅킹을 통한 비대면 신규 가입 시 우대 금리 제공 조건을 성립시키면 최고 연 3.84%까지 금리가 상승합니다. 영업점 방문 창구 대기 필요 없이 스마트폰 모바일 앱이나 다이렉트 웹 페이지를 통해 비대면으로 즉시 개설할 수 있으며, 가입 대상은 개인 고객 및 사업자 소상공인까지 제한 조건 없이 누구나 참여 가능한 안전 고정금리 상품입니다.",https://naver.com_0232
